static const char kernel_config_data[] __used = MAGIC_START
	"\x1f\x8b\x08\x00\x00\x00\x00\x00\x02\x03\x94\x3c\x4b\x73\xe3\x36"
	"\xd2\xf7\xfc\x0a\xd5\xe4\x92\x1c\x76\x46\x2f\xcb\xf2\x7e\xe5\x03"
	"\x48\x82\x14\x22\x92\xa0\x01\x52\xb2\x7d\x61\xc9\xb6\xec\x71\xc5"
	"\x96\x66\x65\x79\x92\xec\xaf\xdf\x6e\xf0\x05\x50\x20\xed\x2f\x35"
	"\x35\x19\xa1\x1b\x8d\x06\xd0\xe8\x17\x1a\xfc\xf5\x97\x5f\x07\xe4"
	"\xfd\xb8\x7f\xdd\x1c\x9f\xef\x37\x2f\x2f\xff\x0c\x9e\xb6\xbb\xed"
	"\x61\x73\xdc\x3e\x0c\x1e\x9f\x5f\xb6\xff\x37\xf0\xf8\x20\xe6\xe9"
	"\x80\x7a\x2c\xfd\x0a\xc8\xe1\xf3\xee\xfd\xef\x6f\x9b\xc3\xeb\x6c"
	"\x3a\x98\x7e\x1d\x5d\x7c\x9d\x8f\x06\xcb\xed\x61\xb7\x7d\x19\xb8"
	"\xfb\xdd\xe3\xf3\xd3\x3b\x74\x7e\xde\xef\x7e\xf9\xf5\x17\xf8\xf3"
	"\x2b\x34\xbe\xfe\x00\x3a\x87\x7f\x0f\xc8\xee\xe1\xb0\x7f\x7e\x18"
	"\xfc\x76\x36\x9d\x4f\xc7\xe7\xc3\xc1\xdd\xe6\x0d\x46\xd9\xef\x06"
	"\x87\xc9\xd9\xe4\x62\x3e\xb9\xff\x7d\x70\xff\xb2\xd9\x3d\x0d\x7e"
	"\x6e\x0f\x6f\x40\x62\x70\xf1\x75\xf8\x75\x32\xf8\xed\xfb\xf1\xf8"
	"\xe3\xed\xdf\xdf\xbe\x6d\x0a\x02\x5f\x9f\xf6\xfb\xa7\x97\xed\xdb"
	"\xfe\xfd\x70\xbf\xfd\x7a\xbf\x7f\xfd\x76\xdc\xef\x5f\xee\xbf\x6f"
	"\x9e\x77\xdf\x8a\xfe\xe7\xd3\xb3\xbb\xc9\xe4\x6c\x3c\x1a\xdd\xdd"
	"\x5d\x6c\x37\x0f\x8f\x9b\xd9\x66\x33\x9b\x0c\x47\x8f\xf3\xe9\xf9"
	"\xe8\xec\x7e\xbb\x9d\xde\x4d\xce\xef\xcf\x7e\xff\x7f\xd1\x7e\x79"
	"\xf9\xf9\x3a\x98\x0d\xef\x1f\xc7\x93\xed\xd9\x74\x3b\x9d\xdd\xcf"
	"\x87\xe7\x67\xa3\xc9\xe3\xf9\x66\x32\x7b\x18\x6e\xce\xef\xce\xcf"
	"\xcf\x2f\xc6\xc3\xbb\xb3\xf9\x7c\x04\xa4\xeb\xe9\x85\xe1\x2a\x2a"
	"\xe6\xf2\xf6\x73\xf7\x3b\xac\x8a\xcb\x63\x9f\x05\x79\xe0\xba\xf9"
	"\x8a\x0a\xc9\x78\x7c\x39\xac\x1a\xa1\x8d\xc9\xdc\x0d\x49\x1c\x5c"
	"\xfe\x53\x37\xe2\xcf\x1a\xf7\x62\x38\x1c\x4e\x2a\x10\x13\x57\xf9"
	"\x9a\x8b\x65\x83\xec\x64\x2c\xf4\x52\x16\xd1\x9c\x5e\xa7\xc4\x09"
	"\x69\x2e\xb9\x48\x1b\x78\xba\x10\x94\x78\x39\x8b\x7d\x0e\x7f\xe5"
	"\x29\x91\xd8\x59\x6d\x56\xa0\xf6\xfe\x65\xf0\xb6\x3d\xbe\xff\x68"
	"\x18\x65\x31\x4b\x73\x1a\xaf\x72\x22\x82\x3c\x64\x11\x4b\x2f\x27"
	"\x63\xdc\xdb\x92\x3b\x1e\x25\x0c\x86\x49\xa9\x4c\x07\xcf\x6f\x83"
	"\xdd\xfe\x88\x14\xaa\xde\x21\x77\x49\x58\xf1\xfe\xe5\xf5\xbf\x4f"
	"\x7f\x2a\x71\xf9\x62\x83\xe7\x24\x4b\x79\x6b\x2a\xb9\x24\x61\x7a"
	"\xf9\xa5\xc6\xf7\xa8\x4f\xb2\x30\xcd\x17\x5c\xa6\x31\x89\xe8\xe5"
	"\x97\xdf\x76\xfb\xdd\xf6\xf7\x1a\x41\xae\x49\x02\x34\x6a\xfe\xe4"
	"\x8d\x5c\xb1\xc4\xd5\x59\xab\x61\x09\x97\xec\x3a\x8f\xae\x32\x9a"
	"\x51\x0b\xef\xae\xe0\x52\xe6\x11\x8d\xb8\xb8\xc9\x49\x9a\x12\x77"
	"\xa1\x53\xce\x24\x0d\x99\x63\xe9\x47\x32\x38\x2e\xcd\x3c\x16\x64"
	"\x45\x61\xf1\xdc\x45\x01\x00\x86\x60\xca\x61\x03\xef\x69\xcd\xd7"
	"\x24\x55\x83\x1a\x8d\xa9\xa0\xb4\xda\x34\x90\x80\xc1\xdb\xfb\xdd"
	"\xdb\x3f\x6f\xc7\xed\xab\x26\x5d\x34\xa6\x82\xb9\x4a\x40\x12\xc1"
	"\x1d\xda\xd0\xd0\x41\x72\xc1\xd7\xdd\x90\x3c\xa4\x2b\x1a\xda\xe1"
	"\xd4\xf7\xa9\x9b\x32\x9c\x99\xef\xe7\x51\x21\x46\x16\xbc\x88\x05"
	"\x82\xa4\xb8\xf9\xda\x7a\x08\x0f\x40\x12\xb6\x2a\x17\x54\xd2\xd8"
	"\x6b\x60\xd8\xc5\xe3\x11\x61\xb1\xad\x2d\x5f\x30\x2a\x70\x25\x6f"
	"\x4e\x07\x8b\x24\x43\xcc\x4e\xc0\x09\xd9\x05\x89\x3d\x90\xdb\x92"
	"\xb2\xd1\x15\xd1\x7d\x2e\x5c\xea\x95\xe7\x85\xe9\xe7\x51\x26\x44"
	"\x48\x5a\xf6\xa8\xa5\x41\x9f\xb4\x47\x9d\x2c\xf0\xa5\x45\x34\x8c"
	"\xa5\x01\x39\x66\x25\x1b\x42\xdb\x63\x94\x14\x17\xce\xc5\x52\xf2"
	"\x0c\x78\xc8\x3d\x92\x92\xd3\x69\xa9\x33\xbe\x3a\x11\x9b\x0a\xac"
	"\x08\xc0\xf6\xc5\xa9\x6c\x91\x5e\x10\x09\x9d\xdd\x65\xee\x08\x4e"
	"\x3c\x97\xc8\xb4\xb7\xb7\x81\xa6\x44\x2e\x7d\x7e\x05\x15\x6d\x93"
	"\x3a\x45\x96\xc7\x14\x84\x47\x23\x1a\xf3\x7c\x71\x8b\x7a\x22\x52"
	"\x52\x50\xaf\x18\x34\x26\x30\x1a\xf7\x98\x6b\x59\xa9\xa2\x17\x83"
	"\xb5\xd1\xfb\x14\xad\x7e\x16\x86\x5d\x5d\xb4\x0d\x66\xc1\x02\x05"
	"\x4c\x2d\x95\x90\x3a\x99\x04\x4e\x50\x94\xa4\xd0\x23\xa6\x76\xcd"
	"\x50\x22\xac\x78\x98\xc5\x29\x11\x37\x96\xe1\x4a\x9c\x66\xc0\xaa"
	"\x93\xcb\xa1\x4f\xb5\x5a\x6e\x92\x7d\x4b\x37\x6f\x7f\x0e\x8e\xb0"
	"\x6c\x03\xb0\x34\x83\xb7\xe3\xe6\xf8\x36\xd8\xdc\xdf\xef\xdf\x77"
	"\xc7\xe7\xdd\x53\x6b\xfd\xa0\x43\x4e\x5c\x45\xa3\x10\xbb\x9a\xa9"
	"\x15\x13\x69\x0b\x8c\x3b\x66\x61\x0d\xc5\x4b\x09\x88\x41\xa8\x92"
	"\x5f\x77\x01\x82\xbd\x46\xbd\xda\x6a\x93\xd4\x55\x16\x21\x77\x38"
	"\x97\x6d\x0d\x56\xa0\x90\x55\xd0\x96\x7c\x47\x7a\xa8\x63\x5c\x0a"
	"\xca\x12\xc6\xb3\x59\x01\x24\x2a\x53\x92\x1a\x9b\xa0\x46\xf2\x68"
	"\x48\x6e\xfa\xba\xe5\xd7\x08\xd4\x0c\x18\xb6\x31\x6e\x9d\x59\x22"
	"\x99\xb1\xcb\x70\xf2\x2b\x7b\xe1\x31\x89\xd6\xd0\xb3\xef\x36\x20"
	"\xfa\xa9\x20\xae\xd5\x0a\xc0\x82\x33\xc9\xc3\x4a\x8b\xa9\x5d\x15"
	"\x6e\x36\x90\xa7\x07\xa0\x92\x00\x00\x37\x5c\xc1\x0f\x30\xc6\x20"
	"\xea\xfa\x7a\x1b\x18\xa8\xd0\xdb\x4d\xb8\x62\xa7\x74\x60\x11\xc3"
	"\xb0\x39\x4b\x1a\x24\xa6\x6a\x03\x03\xd7\x09\x99\xbe\x77\x08\xf3"
	"\x49\xcc\xb3\xf4\x72\x36\x3d\x6d\x04\x1d\x4f\xfc\xcb\xd1\xcc\x84"
	"\xc8\xb4\x3e\x4c\xf5\x22\x21\x44\xc9\x85\x65\x8d\x14\x03\xdc\x75"
	"\x70\xb1\xda\x06\xdc\x61\xf1\xd8\xd5\x74\xeb\xb2\xf8\xc7\x69\x8b"
	"\x12\x22\x7d\x44\xb6\x5c\x80\xee\x85\xa3\x6b\xf5\x2b\x90\xbe\x0f"
	"\x76\x8a\xf9\xe9\xe5\xe8\x5c\x77\x48\x62\xd8\x2d\x9a\xfb\x61\x26"
	"\x17\xa0\x8d\xc0\x55\x48\x93\x30\x0b\x3a\x88\xe0\xf6\x46\xe4\xda"
	"\x24\x56\x33\xc4\xe2\x74\x09\x2e\x88\x4f\xdb\x03\x4e\xda\x2a\xb3"
	"\x38\x1e\x4a\x71\xb6\x14\xae\xcc\x92\x04\x7c\x30\x99\xc7\x59\x44"
	"\x72\x87\x80\x3b\xe7\x1a\x62\x6b\x62\xc1\x90\xa3\xf1\x5c\x73\xff"
	"\x02\xc1\xb3\x44\xd3\xe2\x09\x09\x68\xa1\x63\x74\xb3\x01\x6e\x8a"
	"\x1b\xb4\x7e\x56\xce\xd0\x49\x1b\xf8\x73\xea\x34\xb4\x61\xca\xe8"
	"\xa1\x63\x93\xaf\x22\x85\x98\x30\xd0\xe6\xb2\x8d\xb6\x84\xff\x69"
	"\xdb\x1c\x2e\x4b\x26\xf5\xcd\x53\x36\x50\x83\xd9\x4e\x96\x02\xe4"
	"\x6b\xc1\x52\xea\x10\x7d\xdd\x4a\x88\x5a\xd3\xa6\xd5\x27\x4c\xe4"
	"\x56\x88\xeb\x83\x9d\x02\x43\xba\x66\x5e\xaa\xb9\x4b\xa0\x2e\x4d"
	"\xf4\x46\x48\x8a\xf6\x84\x79\xd2\xaa\x11\x4a\xb8\xf0\x22\xd2\xcd"
	"\xb8\x0f\xc7\xf6\x56\xdf\x03\x90\x25\x49\x75\x83\x8b\x12\x8d\x83"
	"\x94\x10\x0b\x07\x1e\x5d\x31\xbb\xda\x29\xe0\xd0\xb1\xd4\x7f\x27"
	"\xbc\x53\xe1\x77\xf7\x73\x12\xdf\x3a\x9a\x63\x3d\x08\x92\xbb\xcb"
	"\x1a\xc7\x70\x37\x4a\xb1\xe6\x02\x44\x2e\xd5\xfc\x0c\xf4\xbd\xc1"
	"\x11\x02\xa5\x6f\xb8\xc4\x28\xe5\xf6\x15\x85\xf9\x8b\x2e\x18\xae"
	"\x50\x6c\x3b\xe5\x31\x05\x45\x64\x8c\x00\xec\xb8\xcb\x84\xc3\x21"
	"\x41\xd3\x9e\x02\x5f\xb6\xe9\x14\xa6\x0a\xa2\x89\x4a\x2c\x0d\x40"
	"\x9a\xc5\xb4\x15\x22\x80\xfc\x78\x14\xb4\xb7\x4b\xd2\x0e\x1b\x21"
	"\xd0\x50\x59\xc6\x42\x09\x87\x4d\x54\x61\x92\xd0\x3d\x59\xfc\x4d"
	"\x22\x20\x5c\xb8\x71\x5a\x0c\x23\xbc\x3c\xb8\x65\x1a\x5b\xd0\xe0"
	"\x40\xc3\xd8\x68\x09\x6f\x23\x62\xe8\x5f\x2f\xbf\xbe\xb5\xb3\x86"
	"\xc8\xbc\x1b\x34\xb5\x89\x89\x9b\xf3\x04\x5c\x04\x76\x4b\xf1\xd4"
	"\x2b\x69\xe2\x22\x02\xd5\x64\x2c\x4d\x1b\x4d\xc2\x3f\x6c\x0b\x0e"
	"\x6e\xa8\x2e\x1d\x60\x5a\xc0\xa5\x8e\xb9\x47\x65\xcb\x8b\xc8\x98"
	"\x37\x9a\x69\x1b\xa2\x3a\x82\x79\x74\x69\x82\xf6\x35\x57\x56\x58"
	"\xd3\x2d\x4a\x8c\xcb\x1f\x6d\x23\xda\xa2\xa5\xfc\x69\x14\x33\x63"
	"\x6f\x03\x9a\x62\x74\x92\x97\x9e\xb2\x9d\x79\xdc\xa5\xda\x93\xd6"
	"\xe5\x02\x99\xb3\xf4\xac\x51\xfc\xc2\x7d\xb7\x79\x87\x2a\xb6\xac"
	"\x5d\x4f\xc3\xa2\xb4\x7f\xe7\x71\xc4\x74\xb3\xa9\xe9\x71\x1a\xfa"
	"\xea\xf4\x69\x60\x02\xea\x19\x3d\x60\x4d\x31\x66\x29\xbd\x6e\xfd"
	"\x84\x43\xa5\x51\x49\xb8\x8e\x2f\x59\x10\x93\xd0\xd7\xa4\x55\xf1"
	"\xa9\x37\x28\xe7\x5f\x6f\x90\x0b\x43\xe9\x13\xa6\x45\xea\xc4\x5b"
	"\x31\x60\xaa\x5c\x28\xd3\x5c\x38\x44\x08\xa6\x2b\xc9\x25\xa2\xdc"
	"\x44\xf2\xb4\x25\x37\x22\x99\xba\x55\x4d\x18\x8f\x1f\x86\x9b\x86"
	"\x68\xd8\x36\x0d\x05\x40\xb9\x7c\xbe\x67\x0b\xcd\xab\x08\xa8\xe1"
	"\x0c\x88\xc4\x6e\x6b\x8d\x21\xbe\xbb\x3a\x35\x66\xd8\x6a\xa1\x09"
	"\x94\xa8\xe7\xe9\xe6\x48\x49\x3a\x9e\xa8\xbc\x8e\xc0\x1a\x5d\xe7"
	"\x8e\x86\xc6\x81\x54\xfe\x64\x99\x44\x4b\xb6\x87\xc7\xfd\xe1\x75"
	"\xb3\xbb\xdf\x0e\xe8\xcf\xed\x0e\xe2\x04\x02\x11\x83\x8b\x91\x02"
	"\xc4\x5c\x9a\xa3\xd9\x41\x1c\x9b\x95\xa6\x95\x10\x65\xdb\x43\x9b"
	"\x62\x2e\x15\x26\x18\x7a\x58\x40\x6e\x8b\xc0\xc0\x05\x50\x23\x54"
	"\xbe\x86\xb6\x63\x32\xcc\x9c\x82\x90\x71\x5e\xb0\xb5\x74\x32\xd4"
	"\x99\xe2\xb1\xdd\xb8\xf2\x28\x21\x29\x04\x96\x4b\x2b\x58\x86\xc4"
	"\x96\x55\x41\xea\xe6\x68\xdc\x8e\x46\x90\x09\x01\x3e\x52\xe9\xfb"
	"\x9b\x9d\x00\x8a\x76\x1b\x9d\xe4\x5c\xc0\xe1\xe5\x51\x27\x13\x0d"
	"\x22\xa6\x2c\xc0\xcf\xf3\x3a\xd8\x52\x4e\x64\x42\x44\xca\x48\x68"
	"\xe8\xb6\x94\x46\xca\x9e\x62\xf6\x8e\xf9\xcc\x6d\x65\x42\x80\x41"
	"\x2a\x04\xf5\x94\xb1\x68\x1d\x1d\x70\x1d\x7c\x16\x1a\x7e\xa2\xd2"
	"\x8d\xca\xf6\x19\x31\x7d\x34\x9b\x36\x3f\x67\x53\x47\xcf\x3d\x45"
	"\x51\xd6\x42\x2d\xdc\xc7\xd2\x8b\x1d\x9b\x20\xf8\x91\x96\xa0\xa9"
	"\x71\x62\xa2\x08\x7c\x46\x11\xa3\x33\x0f\x16\x3e\x62\xf1\xe5\x68"
	"\xde\x87\x40\xae\x2f\xc7\x1d\x14\xaa\xcd\xaf\x09\x8d\x3e\x81\x07"
	"\xf4\x9a\x10\x05\x62\x20\x77\xa9\xd6\xa2\x72\x9a\x35\xab\x1b\x86"
	"\x34\x20\x61\xae\x56\x09\x8e\xc1\x8a\x84\x19\xbd\x1c\xfe\xfd\xb0"
	"\xdd\x3c\x0c\xb5\xff\xb4\xf4\xe3\x12\x0c\xff\x29\xa1\x82\x3e\x44"
	"\xba\x7e\x48\x02\x79\x0a\x17\x6b\x09\x7b\x7b\xed\x2e\x02\xe2\x81"
	"\xab\x11\x06\x1c\xbc\xd8\x45\x74\x9a\x4a\x31\xb4\xb9\xd6\x58\x6b"
	"\xb4\x8a\x57\x79\x8a\xb6\x58\x53\x16\x2c\x6c\xf9\x19\x99\x59\x86"
	"\x02\x09\x62\x8e\x00\x0f\xa6\x88\xaa\x75\xb9\xbf\xe5\x31\xb4\x46"
	"\x64\x32\xb6\x88\xb0\x52\x57\x15\x91\xc0\xf0\x97\x22\xed\xc7\x92"
	"\x8a\x98\x86\x79\x04\x56\x1d\x1c\x33\x5d\x8e\x7d\xb0\x74\x94\x88"
	"\xf0\x06\x7e\xe7\x86\x99\x48\x82\x22\x09\xad\x32\x89\xf2\x72\x62"
	"\x0f\x79\x32\x95\xa2\x6c\x27\xaa\x94\xf3\xbc\x54\xae\x27\xd8\x33"
	"\xf3\x18\x53\x37\xbf\x1e\xa9\xd4\xe6\x1f\xd4\x4c\x1d\x18\x38\x37"
	"\xe3\x8f\x71\x6e\x27\x1f\xe3\xb8\x9f\x18\xcb\xfd\xc4\x58\xbe\x1d"
	"\x47\xc3\x08\x52\x79\x7e\x1d\x56\x48\xed\x39\x23\x34\xfc\x70\x14"
	"\x27\xe4\x3c\xba\xfe\x98\x1b\x31\xb7\xe2\x28\x83\x24\x37\xaf\x6f"
	"\xef\xbb\xa7\x41\xba\xb9\x7b\x3b\xff\xfb\xa5\x48\x65\x95\x3a\x85"
	"\xc0\xe6\x94\x7c\xd2\x4c\x80\x83\x68\xcd\x41\x69\x68\x6b\xd0\x7d"
	"\x35\xaa\x3e\x27\x9d\xd4\x92\x9f\x92\xb2\x22\x66\x92\x80\x07\x13"
	"\x07\xa6\xdb\xa5\x38\x4c\x5e\x36\x47\x34\xa0\xd0\xf2\xb2\xbd\x2f"
	"\x6f\xa2\x6a\x22\x45\x0e\xde\x45\x1d\x6c\x8f\x43\x4a\xa9\x8c\xaf"
	"\x59\x37\x98\x84\x18\x13\x77\xc3\x1d\x37\x1a\xcf\x27\x67\xbd\x08"
	"\x39\x43\xd9\xee\x41\xa1\x02\x34\x7f\x0f\x5c\xb8\x91\x4c\x9d\x6e"
	"\x04\x7a\x7d\x13\xf3\x9e\x39\x2e\x27\xdd\x30\xd0\x1c\xa0\x8c\x5c"
	"\x92\xf4\x4c\x32\x0c\x46\xcb\x6e\xe8\x82\xc9\x9e\x05\x8c\xa8\xc7"
	"\x40\x47\x2d\xfb\x30\x24\xef\x99\x7d\xb4\x02\xc7\xa3\xcb\xb7\xbb"
	"\x02\xbb\xd1\xd2\x23\x4b\x1e\x1b\x81\x54\x31\x03\x96\xf2\xbe\x35"
	"\x08\x78\x1f\x0b\x0e\x8d\xc1\xca\xf4\xc8\x90\x9b\x39\xa4\x1b\x2c"
	"\x28\x09\x7b\x57\x00\xa4\x63\xe9\x2e\x58\xd2\x33\x02\x25\x69\x1a"
	"\xf6\x6c\x11\x78\xb5\x57\x19\xd8\x30\xd1\xc7\x46\x4c\x25\xe9\x3b"
	"\x0a\x29\xde\xdd\x5c\x8f\x86\xdd\x28\x29\x0d\x44\xcf\x4c\x65\x22"
	"\xbc\x9e\xce\x8b\x2c\xf6\xfa\x38\x2c\x11\xc6\xdd\x18\x59\xcc\x12"
	"\xbc\x15\xea\xc6\x58\x41\xd8\x28\xa8\xec\x99\xe6\x35\xda\xbe\x6e"
	"\xf0\xed\x75\x0f\x0c\x56\x39\x4a\x4e\xf4\x90\xf3\x8e\xf7\x23\x3f"
	"\x7e\xec\x0f\x47\xcd\x67\x77\xb5\x88\x0c\x7e\x94\x57\x4f\xd2\xda"
	"\x58\xd9\x63\x13\x68\x89\x77\xa0\x99\xa2\x15\x75\x32\x5b\x02\x05"
	"\x3b\x45\xb2\x35\x6e\xd7\x8d\x18\xc2\xae\x32\x26\x96\xad\x80\x85"
	"\x9d\xe6\x8d\x0c\xa8\x4c\x33\xa7\x13\xc8\xf8\xaa\x13\x06\xd1\x6f"
	"\x37\x8c\x48\x66\x17\x9d\x32\x9f\x8b\x58\xa7\x06\x00\xda\xee\xf7"
	"\xbb\xe3\x61\xff\xf2\xb2\x3d\x0c\x1e\x0e\xcf\x3f\x8b\xb8\xa9\xb0"
	"\x03\x9b\x87\x2d\x86\x56\x80\xb5\xd5\xd0\xf4\xbd\x32\xd6\x15\x3c"
	"\x2a\x70\xfb\xc1\x0f\x5c\xb4\xd2\xde\x06\xa7\x7e\x0a\x7f\x8f\x86"
	"\xc3\x4e\x04\xec\x5d\xed\x67\x17\x12\xcd\xaf\xd1\xdb\xbf\xee\x24"
	"\xd2\x2d\xa4\xf5\x10\xe5\x69\x81\xd8\x2e\xfa\x1c\x22\x75\x49\xd4"
	"\x29\x34\x51\x5b\x68\xa2\x52\x92\xd4\x2a\x79\xdb\xb7\xe7\xa7\xdd"
	"\x7a\x73\x50\xab\x09\x11\x2a\xfc\x43\x76\xac\xa2\xb7\xce\x13\xf0"
	"\x75\xfb\x57\xb1\xd3\x68\x28\x12\xa8\xd6\xbb\xa1\x4b\x26\x58\xdc"
	"\xe1\x50\x21\x42\xdb\x8d\x2a\xb8\xa2\xab\x9e\x2e\x39\xd1\x73\x16"
	"\x75\x6b\x38\x92\xf2\x84\x1a\x89\x59\x09\x86\x68\xce\x2a\x92\x74"
	"\xf7\xf0\x63\xff\xbc\x6b\x2f\x4d\x4e\x63\x4f\x79\xff\xd6\x4e\x6f"
	"\x7f\x3d\x1f\xef\xbf\xdb\xc5\xd9\x3c\x7f\x6b\xf8\x03\x01\xe4\x22"
	"\xa5\x6e\x57\x66\xc1\xdf\x6e\x8e\xef\x87\x6d\x7d\x14\x20\xe0\x1b"
	"\x6c\x0f\x87\xcd\x71\x33\xf8\x6b\x7f\xf8\x73\x73\xd8\xbf\xef\x1e"
	"\xde\x06\x3f\x9f\x37\x83\xe3\xf7\xed\x60\xf3\x72\x84\x7e\x9b\x23"
	"\x8c\xf7\x36\x78\x3c\x6c\x5e\xb7\x88\xd5\xe8\xb2\x22\x5e\x84\xe9"
	"\x92\x34\x8b\xf2\xf9\x78\x36\x19\x5d\xb4\x03\xcd\x06\x7a\xde\x0b"
	"\x9d\x0e\x67\xdd\xd0\xd1\xc5\xf4\x7c\xdc\x09\x9d\x8c\x87\xe7\x67"
	"\x9d\xd0\xe9\xd9\x79\xcf\xb8\xd3\xc9\xb4\x1b\x3a\x1a\x8e\xa7\xe7"
	"\xa3\x79\x27\x78\x34\x9f\xcf\xcf\x27\x9d\xe0\xe9\x6c\x32\x1e\x77"
	"\x32\x36\x3a\x9b\x8e\xa7\x3a\x71\x97\xac\x18\xb4\x57\xf0\xf1\x78"
	"\xa2\xcf\xaa\x0d\x9d\x40\xff\x6e\xe8\xf9\xf4\x6c\xd6\x09\x9d\x0c"
	"\x47\x23\x8d\x32\x9e\xaa\xdc\x27\x21\xba\xde\xcd\xcc\x87\x93\x0f"
	"\x31\x2e\x5a\x18\x57\x9e\x0f\xdb\x38\xac\x51\x86\xc3\x99\x36\x8c"
	"\xe4\x2e\xb8\xdc\x10\xc2\x35\x4e\x09\xde\x94\x32\x3d\x8d\x81\xc7"
	"\x3f\x64\x18\x3f\xd6\xc3\xcc\x46\xb3\xe1\x70\x3e\x1c\xf7\x73\x43"
	"\x47\xc3\xe9\xa8\xbd\xd2\xd3\xa5\x4a\x73\x48\xd3\xed\x43\xc8\x68"
	"\x56\x82\x3a\x6c\x3a\xe2\xcc\xa6\x16\x1c\x03\x63\x45\x8a\xc4\xc4"
	"\xe4\xe2\x74\x84\x0a\x36\x9d\x7f\xd4\xfd\x72\x72\xd1\x4e\xcd\x54"
	"\x5d\x4f\x93\x36\x45\x8f\xe9\x5c\x4b\xa3\x25\x19\x34\x06\xa8\x44"
	"\x18\x89\x3b\xaf\x41\x22\xe3\x4e\xb5\xbc\xe8\x8f\x6c\xf1\x67\x2c"
	"\xd4\x3d\xd5\x65\x9d\xda\xa9\x2c\xad\x71\xab\x5b\x04\x18\xea\xfe"
	"\xb0\xaa\x8d\x2a\xf1\x3e\xc2\x11\xf0\x2f\x3d\x83\xab\xb0\x60\xd0"
	"\x20\x61\xfc\x72\x34\x9e\x0f\xb5\x3a\x8f\xcc\x7a\xf1\xb6\xe0\x21"
	"\xc5\x1b\x52\x95\xcf\x68\xd5\x92\xb4\x2c\x70\x03\x18\x9f\x0d\x5b"
	"\xa8\x93\x0e\x63\x5d\x50\xb1\x93\xb9\x04\x32\xe6\xc2\x2e\x04\xd6"
	"\x6b\x74\x5d\xe3\x96\x69\x56\x10\x23\x95\x5f\xb5\x14\xe1\x14\x93"
	"\x29\x96\x07\x93\x2a\x61\x9b\x94\xaa\x33\x02\x78\xb9\x92\x9d\xe0"
	"\x26\xcf\x69\x46\x08\x21\x04\xf6\xd5\xf2\xdb\x06\xf0\xc1\x28\xdb"
	"\xc8\x37\x05\x6b\x89\x1f\x63\x0a\x8d\xe9\xb9\xed\x75\x2b\xf9\xdc"
	"\x64\x3b\x9b\xc9\x2f\xb2\x80\xa6\xa1\xe3\xb7\x53\x3a\x6b\x12\xa7"
	"\x0a\x98\x27\x91\x57\xe4\xa8\x2d\x0b\xe3\x42\xb0\x0f\xa6\x16\xc2"
	"\x6c\x75\xdf\xd4\x3e\x0b\x5e\x44\x54\xe6\x9a\x71\x4b\x76\x13\x81"
	"\x0a\x00\x81\x3a\x0b\xe2\x08\x98\xbc\xbc\xd0\xcc\x38\xa6\x15\x0d"
	"\xef\x96\x08\x82\x75\x35\x76\xe7\xa2\x04\xb6\x6b\x69\xac\xc8\x4b"
	"\x7a\x4d\xed\xee\x9d\x2b\x88\x5c\xe4\x5e\x16\xd9\xe3\xb9\xeb\x8e"
	"\x9c\x07\x5f\x86\xd3\x3c\xc8\xec\x75\x95\xc5\x4d\x3d\x16\x2e\xe0"
	"\x51\xe0\x02\xdc\x39\x4c\xa5\x36\xd7\x20\x31\x26\x52\xcb\x94\x1d"
	"\xf8\x5e\x34\xec\x10\x79\x95\xd9\xce\x1d\x41\x62\x95\x72\x83\xe0"
	"\xdc\x4d\xb9\xb0\x66\x09\x15\x26\x0d\xc7\x10\x52\x21\x4e\x3b\x09"
	"\x9d\x4b\xe9\x78\x66\x95\x15\x5e\xd3\xae\x40\xc4\x42\x72\xc3\xb3"
	"\xd4\xae\x0f\x57\x73\xed\xea\x55\x93\xa7\x75\x92\xd3\x28\x0b\x5b"
	"\x29\x73\x37\x19\x9d\xe5\xd5\xcd\x8d\x05\x2e\x69\x0a\xfa\xd0\x80"
	"\xb4\xf4\x33\x78\x4b\x69\xea\x88\x21\xfa\x6d\x16\x8e\x32\xad\x7e"
	"\x20\x83\x18\x79\xa9\x67\x40\xbd\x04\x36\x53\xe7\x12\x5b\xf4\x08"
	"\x0e\x7f\x83\x08\x26\x06\x8d\x70\x19\x61\x4e\xce\xad\x2b\x6d\xdd"
	"\xc2\xa5\x1b\xf8\x2f\xfb\xbf\x06\xc9\x61\x7f\xac\x73\x55\x75\x3d"
	"\x43\xa2\x17\x37\x24\xf9\x1f\x3c\xb1\xb4\xc0\xfe\x07\x10\x22\x0e"
	"\xff\x1e\x0e\xef\xb6\xe7\x77\x9b\x07\x1d\x41\x9c\x74\xc1\x16\x3c"
	"\xa7\x82\x06\x4b\x6a\xa4\x87\x6b\x28\xde\x88\x00\xcc\x2e\xc6\x15"
	"\x92\xcf\xae\x3f\xc4\xb9\xa5\x82\xf7\x21\xb5\xcb\x85\x2b\xa7\xf4"
	"\xe7\xfc\xeb\x68\xb0\x39\xdc\x7f\x7f\xc6\x45\x79\xc7\x7a\xe4\xc7"
	"\xc6\x75\x35\x36\x12\x34\x11\xf1\x3d\x27\x3a\xb5\x95\x96\x5d\x0f"
	"\x41\x61\x90\x94\x47\xcc\xed\xb3\xfc\xab\x05\xed\x60\x6a\xfc\x49"
	"\xa6\x32\xc2\x4f\x07\x4f\x22\x1a\x75\x3a\x03\xa0\x1c\xb0\x56\x3b"
	"\x3e\x39\x4d\xab\x13\xcd\x07\x4a\x3c\x03\x8b\x9a\x84\xba\xe2\x15"
	"\x14\x6b\xa8\x53\x53\x85\x17\x37\x5b\x78\x6b\x8f\xb7\xa7\xb6\xf6"
	"\x92\x16\xc8\x02\x5e\xbb\x97\xf7\xc9\x45\xf2\x62\x0f\x6c\xee\x7f"
	"\xa0\x44\x6a\xd3\x73\x23\x0f\x35\x32\x96\x31\xd4\xb3\xa3\x3e\xb3"
	"\x55\x44\xa8\xb2\xaf\x82\x63\x92\x24\x70\x1c\xc1\x58\x7a\xa9\x93"
	"\x33\x10\x57\x8d\x17\x16\x05\x79\x70\x8b\x10\xa3\xe8\x0b\x5a\xbd"
	"\xd4\xf9\x2c\xdd\x52\xc3\x29\xd2\x79\x51\x10\xce\x5e\x37\x4f\xdb"
	"\xaf\x4f\xff\xfd\xd7\xc3\xf1\xee\xcb\xe7\x98\x2a\xca\x59\x8c\xb9"
	"\xe9\x1d\xca\x41\xd0\x76\x60\x26\x09\x17\x0c\x0b\x38\x3e\xe0\x31"
	"\x8b\xab\x0e\x35\x9f\x9a\xa2\x10\x37\x1c\xe4\x22\x53\xe5\xfb\x44"
	"\x80\x61\x31\x54\xa7\x4e\xc7\x4b\x73\x70\x9b\x84\xbd\xfc\xa4\xb8"
	"\x26\xab\xb6\x2e\xd9\xff\x05\x61\xe2\xeb\x66\x07\x2b\xf0\xba\xdd"
	"\x59\xb6\x51\x66\x32\x31\x2a\xae\xcb\x06\xad\x98\xa9\xf1\x15\x4b"
	"\x90\x5c\xb2\x44\xdd\x92\x77\x54\x47\x42\xd7\xab\xe2\x65\x80\xba"
	"\x7b\x56\x65\x41\xda\xe5\x10\x4f\x49\xf9\x6e\x40\xf7\xc2\x98\x03"
	"\x2b\xa2\x54\xb4\x2d\x03\x11\xe5\x32\xa4\x54\xd3\x5f\x55\x4b\x79"
	"\x25\xd5\xd8\x98\x48\xd5\xf9\x28\x98\x9d\xd0\x9a\x2c\xa9\xaa\xa6"
	"\x36\x88\xd5\xad\x25\x6b\x43\x83\x64\x03\x0d\x5c\x2b\x55\x83\xd6"
	"\xc9\x45\x38\x32\xe5\xad\xb0\x96\xc6\xeb\x4b\x9d\x45\x4a\x0b\x56"
	"\xcb\xdc\xb3\x0c\xf5\x08\xd5\xbd\xb1\x62\x11\x02\x7e\x8f\x77\xb4"
	"\x2a\x8f\x05\x6b\x3e\xcf\x34\x5a\x6e\xb8\x34\xf8\xae\xae\xfc\x9a"
	"\x3c\x64\xcd\xdb\xfa\x2a\x4f\xf8\x1a\x4d\xac\xef\x33\x97\x61\x15"
	"\x40\xe9\x65\xda\xd9\x6c\x91\xb2\xec\x5e\x1b\x83\xfb\x46\xdd\x9c"
	"\xb1\xa6\x88\x1a\xd8\x7d\x56\x4d\x6e\xb0\xc4\x46\x32\x8b\x63\x5c"
	"\x8a\xad\x06\xae\x2a\xb1\xcb\x03\x12\xd5\x07\xa4\xce\x0c\x02\x8c"
	"\x3d\xbc\x6c\x35\x7d\x87\x65\xbf\x9e\x4e\xbc\x6a\x29\x0a\x8d\x12"
	"\x7c\x3b\x20\xd8\xaa\x55\x59\x5e\x23\x05\x7c\x95\x87\xc4\x6b\xa5"
	"\xb7\x6d\x58\xe0\xa3\x6a\x6e\x2c\x9c\x76\x05\xc1\x72\x69\x15\xc0"
	"\xd6\xe9\x9a\x8a\xc7\x81\x57\xa7\x81\x1a\xeb\x80\x24\x4b\x76\xeb"
	"\x09\xf9\x87\xed\x7f\xde\xb7\xbb\xfb\x7f\x06\x6f\xf7\x9b\x17\xa3"
	"\xd2\xbc\x3a\xb6\xe6\xec\xd4\x41\x46\x96\x48\x9a\x8a\xbc\x28\x58"
	"\xb4\x81\x4f\x6b\xf9\x6b\x30\xb2\xdd\xa7\x26\x50\x2e\xa5\x85\x6c"
	"\xa5\x20\xda\xed\x55\xfd\x36\x0e\xdb\x55\xa3\x66\xc5\x45\xe9\x95"
	"\x10\xc8\xd8\x3d\x10\x5b\x97\x5a\x77\x7d\xbe\x0b\x07\x33\x02\xfc"
	"\x78\x9f\xef\x81\xd5\xc9\x54\xac\xd4\xcd\xff\xe7\x7b\xa9\x80\x33"
	"\x4b\x59\xd8\xb7\xb4\xa7\x4b\x64\xc5\xa8\x16\xa6\x03\x6e\xd1\xe0"
	"\x06\xbc\x9a\x72\xa7\x68\x34\xf3\x6b\x6f\x52\x57\xf5\xb8\x41\xa0"
	"\x9e\xaa\x2e\xc9\x8f\x6d\x49\xb6\xa5\x42\x01\xb1\x58\xb8\xb4\xcb"
	"\xc3\x53\xe9\x92\x90\xe1\xc5\x59\x85\xdd\x89\xaa\x72\x4d\x15\x49"
	"\xb4\xd6\x76\x07\xce\xc4\x5b\xac\x5b\xce\x5f\x1b\xdc\x63\x0e\xea"
	"\x55\x88\xa4\x3d\xd5\x7d\xc5\x05\xbb\xb2\xf1\xad\x16\xc1\x7f\x3e"
	"\xbc\xfe\x85\xe9\x78\xab\x76\x48\x24\x5e\x54\x9c\x70\xa7\x9a\x55"
	"\x49\x6d\xe7\x0d\x1a\x98\x20\x37\xc2\xab\x1a\x9e\x72\x97\x87\x3d"
	"\x58\xc9\x67\xb0\x3c\x9a\xab\x6a\x17\xbf\xeb\x9c\xf9\x4c\x44\x6b"
	"\x22\x54\xde\x08\x02\x29\x3b\xce\x1a\x62\x88\xb2\xc8\xcc\xb2\x2d"
	"\x6a\xcd\x81\xeb\x56\xe2\x10\x5a\x72\x55\x2a\xd5\xac\x68\xd5\xec"
	"\xf1\x75\x1c\x72\xe2\x15\xc5\x2d\xdd\x96\xae\xcc\x8c\x40\xa7\xc8"
	"\x75\x8d\xbc\x5a\xc0\x79\x80\x8f\x0e\x4a\xee\x4f\xb6\x27\xdd\x3e"
	"\x1d\x36\x83\xc7\x6a\x93\x0a\xf1\x6d\xf6\x08\x6f\x57\xd2\x5b\x7c"
	"\x64\xd0\x7e\xf0\x93\x91\x90\xdd\x76\xf9\x49\x65\xd9\x96\xb8\x49"
	"\xf4\x87\x93\xc5\x6f\x4c\xaf\x8c\xcf\x66\x75\x81\x98\x96\x8e\xa8"
	"\xc0\x67\xa3\x71\x01\xb6\x3e\x7e\xac\xb0\x46\xd5\x30\xd4\x3a\x84"
	"\x0e\xed\x1b\x23\xef\x52\xac\x35\xea\xe4\x94\x99\x13\xac\x68\xf2"
	"\x39\x6a\xd1\xf4\x53\x78\xc1\x02\x53\x33\x9f\xc1\x74\x85\x3b\xb1"
	"\xcf\xc4\xc4\x23\x54\xb6\x6b\xf2\xda\x10\xdb\x4a\xea\xc0\xdc\xd5"
	"\x65\xd7\x86\xe0\x28\x4f\xae\xcd\x62\x83\x82\xe5\x59\x88\xd4\x3b"
	"\xa1\x05\x81\x3f\xe3\xa1\x42\xee\x43\x6c\xc8\x3a\xf2\x44\xae\xab"
	"\x47\xc3\x5a\x74\xbc\xfd\xd7\xc3\xf6\xc7\x76\xf7\x60\xc6\x1f\x4d"
	"\x9e\xac\x28\xf6\xb2\xa5\x5e\xda\x65\x60\xea\xb8\x35\x1e\x68\x16"
	"\xab\x9c\x1e\x96\xf6\xbb\xae\xf1\x2c\x45\x21\x2e\xad\xdd\x97\x82"
	"\xa6\x56\x80\x51\x73\xdd\xa4\x3c\x55\xe1\xdf\x82\xf3\x65\x0b\x88"
	"\x89\x45\xac\x8f\x64\x41\xc6\x33\x4b\xad\x1e\xc4\x25\x85\xe3\x56"
	"\xbc\x18\xb5\xbc\x86\x45\x20\xd6\x61\xa3\x63\xa5\x17\xd9\xd5\x79"
	"\x4f\xb0\xdc\x29\xf3\x6f\xaa\x07\x03\xa7\x08\xd0\xb1\xcc\xe7\x5a"
	"\x39\x2f\x9e\x76\xcb\x54\x64\x6e\x9a\xaf\x17\x2c\xa5\xe6\x53\x30"
	"\x85\x0a\x01\x3f\x6c\x27\x46\x75\x58\x46\x59\xae\x24\x84\xc4\xed"
	"\xc5\x28\x4b\xa0\xf5\x26\x23\x7e\x50\x2d\x60\xd0\x1c\x18\xb4\x78"
	"\x90\x61\xab\x7f\xc6\xd1\x6c\xed\x45\x8d\xb2\xe2\x00\xf3\xa2\xb6"
	"\xe9\xfc\x01\xed\xe0\x41\x3b\x7a\x08\x50\x70\xe6\x66\x79\x51\x55"
	"\xe8\x17\x0f\xa1\xcd\x65\x2a\xb6\xb6\x78\xb4\xe5\x46\x09\x96\x68"
	"\xb6\xc9\x97\x52\x54\xae\x54\x62\x64\x25\x8a\x99\x16\xfd\x8a\xd7"
	"\xe9\x1d\x30\x8f\x67\xa7\xb1\x87\x4a\x70\x97\xa5\xab\x2c\xc1\xbb"
	"\x61\x7c\x2a\x5c\xbd\x7f\xb7\xcc\xb2\x4c\x49\x83\xe1\x08\xd3\xd6"
	"\x8d\xb3\xb5\xbd\x78\x8a\x89\x0b\x87\xb6\x56\xe5\x61\x35\x55\xe1"
	"\x16\x62\x62\x80\xd5\x23\x57\x8d\x70\x47\xdf\x56\x27\x58\x1b\xde"
	"\xfd\x46\x2d\x44\xfd\x61\x7e\xa5\x00\x9b\xcc\x91\x8a\xd5\x82\x23"
	"\x83\x37\x7f\x78\xac\x96\x46\x35\xb3\x02\x77\x3c\x69\x6d\x61\xf5"
	"\x3e\x67\x35\x8e\x6e\x8c\xb7\x22\xb4\xbc\x64\xb0\x6c\x6c\x21\x23"
	"\x78\x01\xb1\x32\xb2\xb4\x0a\x08\xc6\xbf\xba\x5a\xa1\x2e\x96\x6b"
	"\x6b\x75\xd4\x2a\x5b\x26\xd5\xbd\x03\x3e\xc9\xc0\xe2\x5d\xcb\x01"
	"\x55\xa0\x2a\xc5\x66\x1b\xda\xa8\x93\x6e\x11\x30\x61\x4d\x81\xb5"
	"\xa5\xb7\x56\x1c\xdd\x45\x44\x47\x69\x6a\xac\xdd\x10\x0b\x81\xf1"
	"\xb1\x1d\x78\x29\x9e\xd6\x99\xe3\xa7\x16\x58\x50\xc6\xce\xda\x0d"
	"\x70\x49\xa7\x84\x17\xd5\x93\x27\xd0\xc9\xd8\x61\xc5\x2d\x89\x6d"
	"\xd2\xb8\xd4\x85\x7c\x35\x50\x5b\x5b\xa3\xe7\x52\x50\x98\x69\x95"
	"\x76\x13\xeb\x6b\x5d\x4c\x3b\x41\xed\xee\x55\x86\xd3\xd2\xdd\x06"
	"\x12\xd4\x57\xc2\xd5\x7a\x5b\xa3\x5d\x86\xc1\xa6\x83\x0b\x50\xe6"
	"\x5b\xb1\x88\x54\x7f\x93\x89\x35\x20\x60\x74\x6b\x2a\x54\x08\x75"
	"\xbc\x0a\x2b\xe9\xf2\xd5\xbf\x8a\x4f\x82\x14\xdf\xbf\x18\xfc\x38"
	"\xec\x1f\x9f\xcb\x98\xbc\x71\x22\x01\xad\x9c\x5a\xdf\xdb\x15\x85"
	"\x56\xbc\x0f\xa0\xe6\x9b\x99\xa2\x92\x1b\xd4\x00\x5e\xc7\x1a\xa5"
	"\x65\x70\xcc\x22\x7c\x16\xa4\x9b\x41\xf5\xb0\x46\xe2\xfb\x8f\xe6"
	"\x0b\x24\xa5\xa0\x1b\x45\xba\xc5\x62\x15\x37\x4e\xe8\x25\xdb\x8a"
	"\x7d\x0b\x9c\x4c\x79\xd1\xed\x63\x53\x3d\x2b\x3d\x05\x96\x8a\xd1"
	"\x36\x9c\x14\x6e\xfd\x59\x10\xeb\xb3\xad\x0a\x4f\x7f\x4a\xdc\xb4"
	"\x15\x63\x5a\x21\xad\x02\x3a\x0d\x82\xce\xae\xbd\xfc\xd8\xc0\x19"
	"\x8f\xa7\x9f\xc1\x3a\x9b\x7d\x02\x6b\x32\x9f\xf6\xce\xad\x74\xa1"
	"\xad\x13\x41\xdf\xf5\xf2\xcb\xdb\xf7\x0d\x20\x7c\x39\x19\xa0\x4a"
	"\x3e\x5b\x99\x80\x63\x10\xc1\x86\x64\x2a\x35\x8d\xaf\xac\x3a\x99"
	"\x90\xc5\xeb\xf4\x10\x3c\x22\xdd\x69\x71\xcc\x87\xce\xf8\x0a\x52"
	"\xba\x92\x81\xfc\x5f\xe1\x8d\xa5\x09\xc1\xf7\x91\x8e\x34\x42\x1b"
	"\xad\xb9\xf5\x11\x95\x13\x14\x8c\x17\x03\xc1\xd2\x9b\x5e\x2c\xbc"
	"\x06\xf5\x7a\x31\xc0\x3f\xe2\x10\xfa\xb7\xee\x6f\x35\x24\xc6\xd5"
	"\xf7\x1e\x74\x25\x86\xcd\x69\x26\x1c\x5e\xbc\x52\x6e\xcf\xa0\xbc"
	"\x14\x29\xcc\xbc\xe8\x1c\x7d\xed\xa4\x9d\xb0\xf2\xd5\x2d\xc3\x0f"
	"\x0c\xd0\xd8\xed\x7e\x62\x8a\xe5\x04\xbe\x6c\x73\x80\x1b\xc8\x13"
	"\xb3\x16\xb9\xb8\x0a\xd8\x1c\x8e\xcf\xe8\x7c\x0f\xd2\x7f\x7e\xe8"
	"\xf7\x54\xea\x9d\x92\xca\x9f\x56\x39\x6a\x23\x2b\xe0\x72\x11\x37"
	"\x38\xf6\x40\x9e\x5d\x7f\x80\xc1\xa5\xff\x11\x8d\x08\x8c\xc9\x47"
	"\x38\x29\x11\xec\x03\x9c\x88\xb8\x76\x8c\x3a\xb0\xf6\xb8\x6c\x30"
	"\xda\xdf\xad\xf0\x98\x5c\x2a\x1f\xd3\x4e\x9c\xc5\x30\x55\x99\x39"
	"\xfd\x3c\xe0\xc7\x21\x04\x93\xf9\xf5\x7c\xf6\x01\xb7\x19\xd0\x53"
	"\xc9\x8d\xfe\x71\x43\x2f\xfa\x80\x90\x0c\x3e\x5a\x98\x2c\x84\x33"
	"\xfe\xd1\x3e\xc9\xec\xa3\xbd\x5e\x42\xe4\x47\x7a\x57\x98\xfa\xcc"
	"\xbe\xbe\xf8\xe5\xa5\xd9\xfc\x03\xfa\xda\x09\xea\x1c\x41\xe9\x9a"
	"\xe6\xa6\x4b\x93\xfe\xe8\xca\xac\xaa\x2e\x30\x4b\x37\x15\x8c\x7d"
	"\x91\x4f\x29\x3e\x94\xc4\x07\xf2\xfe\xfb\xf6\xe1\xfd\xc5\x48\x8e"
	"\x31\x5e\x14\xf3\xc4\x9c\x6b\xda\xad\x6a\xf5\x20\xa0\x52\xb7\x9e"
	"\x27\x10\xd7\xd7\x73\xe7\xfe\x55\x5e\x1d\xe3\x93\x4f\x0d\xd4\x5f"
	"\x20\x29\x69\x59\x26\x58\xa1\x14\x44\x4f\x7a\x22\x6f\x3d\xbd\xaa"
	"\x31\xbf\xdc\x3f\xfe\xa7\xbe\xef\x84\x95\xe9\x9e\x84\x06\x5c\xde"
	"\x38\xe6\xa5\x5f\x05\x70\x7c\xdb\x5b\x57\x22\x63\xad\xd8\x0e\xc4"
	"\x39\x2e\xca\x74\x12\x16\x2b\xfb\xde\x5d\x0f\x55\x5c\xbe\xe7\x22"
	"\x5a\xeb\x2f\xb6\xf1\xa1\xb2\xea\x0c\xea\xe8\x7f\x94\x7d\x5b\x73"
	"\xe3\x38\x92\xee\xfb\xfe\x0a\xc7\x3c\x9c\x98\x89\x98\xd9\x11\xa9"
	"\x8b\xa5\x8d\xe8\x07\x90\x04\x25\x94\x79\x33\x41\x49\x54\xbd\x30"
	"\xdc\x55\x9e\x6e\xc7\x56\x95\x3b\x6c\xd7\x9e\x9e\xf3\xeb\x0f\x12"
	"\x20\x29\x80\x44\x02\xda\x8e\xe8\x6e\x0b\xf9\x11\x04\x71\xcd\x4c"
	"\xe4\xa5\x3c\x17\xba\xa4\xa3\x3c\xec\x10\xa2\x1a\x67\x3b\x4d\xf9"
	"\x05\x08\xd6\x46\xc6\xf5\x4a\x24\x6c\x72\x01\x88\x53\xa6\x0f\xd7"
	"\x67\xfb\xa3\xb3\x72\xd5\xdc\xaa\x86\xd0\x34\x67\xbb\x5d\x53\x6f"
	"\xbd\x2f\x8e\x12\xb8\x81\x1e\x99\x43\xf6\xe3\xe3\xf9\xdb\xb7\x97"
	"\xdf\xc0\x34\x5d\x0f\xbb\x26\xc4\x77\x21\xa8\x52\x43\x95\x2f\x43"
	"\xb3\x48\x59\x4a\x2b\x1b\x6f\x6e\x65\x75\xf4\xcf\xe7\x2f\x3f\x3f"
	"\x9e\x7e\xfd\xf6\x2c\x63\xf8\xdd\x49\x87\xe2\x0f\x6d\xca\x47\xac"
	"\x48\x73\xb0\x08\x4a\x67\x7c\xbc\x8d\x24\x7e\xf4\xce\xd1\x9a\x03"
	"\x2f\x6c\x61\x20\x9f\x0f\x73\x10\x04\x1f\x3c\x58\x4b\x5f\x2d\x8f"
	"\x6b\x56\x19\xb7\xc0\x3d\x21\x67\xdc\x7a\xb7\x2c\x5e\xd3\x6b\x07"
	"\xe4\x97\xe5\xcf\xdf\x5f\xdf\xfe\xad\xdd\xde\x59\xae\xb7\xad\x46"
	"\x6f\x57\xc5\x71\x6f\xf1\x96\x93\xe2\x48\xac\xb1\x00\x46\xa3\x3a"
	"\x05\x99\x46\xfd\x32\x9c\x1b\x95\xd0\xa8\x5e\x55\xc9\x48\x66\x8d"
	"\x05\x0f\xc6\x1d\x35\xd5\x99\x8a\x2b\xe9\xa4\x94\xdc\x33\x0b\xbc"
	"\x19\x62\xfe\xd2\x09\x03\x56\x94\x70\xbd\xd2\x18\xed\xeb\x9b\xa6"
	"\x07\x2f\xba\x1e\x6d\x86\xe5\xa6\xb5\x27\x32\x21\xd2\x55\x8d\xda"
	"\x7b\xc1\x2c\x74\x65\x4c\x96\x89\x20\x68\x89\xf3\x56\x1d\x2e\x62"
	"\xd9\x27\x49\xdd\x35\xa3\x5b\xf2\xf5\x5c\xe1\xb9\x63\x4b\x93\x9d"
	"\x22\x4e\x5f\xf9\xf8\x2f\xab\xc5\x6e\x63\xdf\x54\xfa\xaf\x48\x09"
	"\xcb\x8e\xe6\x14\x35\x29\x08\x0f\x3c\x57\x17\xd8\x66\x61\x46\x05"
	"\x97\x04\x26\x89\xc6\x4c\xaa\xcb\xa2\x81\x08\x39\xb6\x27\xcc\xc0"
	"\x1d\xe2\xa7\xeb\xda\x67\xa0\x5a\xaf\x32\x80\x2a\x5a\x48\x38\xf8"
	"\x3f\x5f\xbd\x79\xab\x12\xb9\x63\xf9\x1c\x1d\x6d\xe2\xd9\x67\x9e"
	"\x4f\xac\x50\x07\xc7\xdc\x5c\xc6\xf8\x31\x58\xf3\x01\x8c\xdd\xe5"
	"\x0e\x0a\x4d\xe9\xf1\x2b\xce\x0b\x31\xb9\xf5\x09\xaa\x02\x1c\x51"
	"\x15\x03\x44\x8a\xa8\x35\x8d\x33\xc2\xf2\xc9\xd1\xa6\x3c\xdf\x35"
	"\x1d\x9c\xf4\x82\xb7\x7e\x95\x52\x9d\x02\x64\x50\x23\xd9\x2c\x22"
	"\x6b\x02\x11\xf1\x06\xb5\x96\x1e\x13\x01\x14\x4c\x32\xfc\x18\x26"
	"\x55\x8f\x13\x0a\x34\x3f\xc7\xc1\x2f\x1b\x5e\x38\xb1\xac\x45\xe9"
	"\x9a\x41\xe5\x89\x5e\x2f\x51\xc5\x41\x75\x1e\xe6\xe2\x03\x38\xa7"
	"\xdb\x85\x84\x3d\x44\xec\x11\x3b\xfd\x21\x27\x66\x50\x84\xe9\x11"
	"\x52\x35\x54\x69\xa7\xf4\xad\x69\x08\xbe\x76\xed\xe7\xf1\x0c\x89"
	"\x61\xee\x48\x3b\x51\x96\x1f\xed\x21\x9d\x12\x56\xc3\x96\xd9\x3f"
	"\xac\x46\x4c\x5a\xbf\x8b\xa3\x35\xbb\xe8\xa1\x04\x40\xb3\x24\xf6"
	"\x78\x65\xad\xd4\xdf\xd8\x6b\x91\xc3\x22\xc3\x97\x0c\x3a\x67\x12"
	"\x46\xee\x5a\x06\x6f\x2b\x6b\x33\xac\xa2\xe0\xa1\x21\x66\x03\xab"
	"\x9b\x0b\x04\xda\x4a\x8d\xe0\x56\xa4\xed\x29\xa0\xe4\xe6\x87\xde"
	"\xba\x5f\x88\xd8\x0b\xcd\x70\xe7\x01\x8c\x0e\xad\xda\x09\x19\x93"
	"\xe2\x40\x59\x9e\x98\xea\x12\xb6\x3f\xf4\x7c\x09\x54\x18\xa9\x23"
	"\x3d\xe8\x3d\xa0\x69\x6c\x39\x71\xca\xf9\x89\x13\x8b\xae\xd1\x36"
	"\x62\xc3\x6a\x42\x1d\xab\xa2\x4c\xb0\x49\x0f\xe0\xd8\xca\x7b\xb7"
	"\x04\x2d\xc0\x91\xe8\x85\xda\x18\x11\x28\xa4\x43\x99\x6c\x4b\xf1"
	"\xfc\x01\xfe\x37\x70\xf1\x3d\x3b\xf2\xc4\x34\x7b\x30\x43\x4b\xa9"
	"\x12\xd1\x61\xc4\xb6\x4e\x40\x06\x31\x02\xa6\x80\x8c\x33\xc5\x5e"
	"\x37\xc9\xcc\xb6\x68\xda\xb4\xd6\x3e\x19\x7e\xc9\x10\x08\x93\xa2"
	"\x3e\x16\x8f\x5e\x34\xde\xfd\xea\x2d\x90\x14\x21\x65\xc1\xed\x08"
	"\x8b\xed\x62\xbe\xc4\xa8\x43\x86\x22\x0d\x92\x4b\x9c\xf1\x86\xc5"
	"\x7c\xfa\xd6\xaa\x37\xfb\xd6\x3a\x78\x62\x01\xdb\x17\xd9\x5e\x71"
	"\x6d\x43\x52\xc9\x48\x59\xd4\xba\x91\x30\x63\xe4\x59\xa5\xcc\x84"
	"\xcc\xf8\x9a\xa2\x74\x34\x0c\x13\xab\xa8\x99\xb0\xde\xa0\xee\x8f"
	"\x40\x37\x43\xd1\xed\x6a\xa8\x17\xcc\x8f\xe4\x0e\xce\x27\x35\xc8"
	"\x6a\x7b\x0c\x69\x0e\xf6\x2a\x14\xe8\x44\xeb\xa8\xd4\xad\x43\x05"
	"\xa5\x2a\xaa\xe9\xef\x2e\x39\xc4\xd5\xe4\x2d\x50\x0c\xfc\x86\xfd"
	"\x7e\xbe\x07\xd4\xa4\xb6\xd3\xe5\xac\xaf\xac\x06\x94\x8a\xb4\x07"
	"\xfe\x92\xe6\xc7\x76\xb2\x52\x2a\x88\xdd\x55\x98\x3c\xdd\xf8\x04"
	"\xd6\x94\x5c\x7e\xad\x35\xf0\x53\x21\x56\x68\xf9\xc0\x66\x2b\xb2"
	"\x3a\x35\xcc\x2c\x3a\x26\xd8\xbb\xd3\xf2\x88\x7e\xa4\xa0\x5d\x1b"
	"\x8d\x4d\x9a\x8e\x1c\xf4\x2d\x1b\x16\x3f\x37\xfb\xbb\x2f\xeb\xca"
	"\x34\x45\xf4\xaf\x4c\x35\xdb\x9c\xe6\xb2\x50\x2e\x80\xb1\xe5\x3a"
	"\xc5\x5a\xa8\xd6\x19\x58\x41\x28\xf6\xc8\x8c\xae\x32\x41\xb8\x2b"
	"\x88\x28\x9d\x3e\x0b\xdb\xcc\xb4\x15\x71\x65\x2b\x86\xfe\xee\x8b"
	"\xcd\x7e\xa8\xc9\x19\xdb\xd9\xc6\x57\x88\xb9\x03\xf7\x57\xda\xe1"
	"\x05\x6f\x11\x7f\xee\x75\x9d\xd7\x94\x14\xe9\x17\x3e\x63\x69\x7c"
	"\xb4\x97\x9f\xc5\x2b\xce\x65\x99\xfc\xf2\x7d\x46\x3a\x88\xbf\x44"
	"\xf1\x75\x0f\x1d\x09\x5c\xfc\x69\xdf\x66\x47\xc8\x25\xca\x88\x1b"
	"\x72\xa2\x7b\xc4\x69\x7f\x84\x14\x27\x37\x1d\xe4\x50\xd8\x3c\xdc"
	"\xa8\xac\xf2\x35\xa4\x28\xdd\x88\x0b\x25\x07\x37\x42\xf0\x44\xac"
	"\x28\x99\xe7\x7b\x92\xd8\xdb\x71\x71\xb2\x77\x03\xa2\xa8\x76\x48"
	"\x1c\x6a\x90\x67\xaa\x17\x39\xfa\x48\x18\x2d\x85\xa8\x27\x9d\x30"
	"\x21\x0f\xaf\xff\xe5\x2f\xbf\xbe\x7c\xf9\x8b\xd9\xac\x3c\x59\x73"
	"\x66\x9d\xc8\xd5\x69\xa3\xef\xc2\xa7\x4d\x7f\x5a\x80\x98\x99\xda"
	"\x28\x32\xa0\xfb\x84\xa0\x02\xf7\xc1\x79\xd8\x25\x24\x31\xd7\xd7"
	"\x66\xb6\xe9\x6c\x6c\xbb\xce\xe6\x86\x6d\x67\x33\xdf\x77\xe0\xed"
	"\x39\xab\x36\xe6\xa1\x21\x0a\x59\x46\xd0\x5a\xd0\x8d\x6a\x83\x94"
	"\x7a\xb7\xaa\x8d\x67\xaf\xda\xcc\x37\xab\xc9\xd7\x5f\xe9\xb2\x97"
	"\xfb\x50\x88\x98\x35\x96\xfc\x44\xe3\xe4\x90\x25\xdc\x94\x7c\x87"
	"\xb2\x6e\x53\x27\x58\x25\x45\xc2\x78\xdc\x41\xfc\xc4\xe6\x52\xd1"
	"\x49\x7d\xf3\x63\x48\x16\xef\xad\xa1\x30\xd5\x58\xcc\x38\x06\xa3"
	"\x2d\xc7\x08\xae\x78\xf8\xac\xc6\xf9\xc1\x39\xf9\x08\xba\xdf\x74"
	"\xd9\x59\xb5\xc7\x03\x13\x92\x4d\x6c\x3f\xee\x07\x13\x8f\xab\xe8"
	"\x5e\x4d\x16\xfb\x54\x39\x00\x74\xb0\x17\xff\xcb\xd7\xe7\x7f\x3d"
	"\xfd\xfc\xf6\xf1\x17\xfd\xa0\x26\x05\xc9\x2e\x26\x0f\x48\x8a\xa4"
	"\x2e\x59\x22\xdd\xf9\x0a\xf8\x43\xe0\xcc\xac\x09\x7d\x01\x30\xf3"
	"\x20\x81\x99\x47\x7f\xd5\x54\x60\xec\xc0\x39\x4b\xa7\x2c\xa3\x7c"
	"\xa8\x3a\x5c\x94\x59\x73\x43\xf2\xca\x2e\x9b\x0a\xe8\xd4\x90\x63"
	"\x2c\xb2\x1c\x49\x51\xcd\x12\x70\x4a\x19\x9f\xfa\x3e\xf8\x8d\xbd"
	"\x3d\x83\x2c\xf0\xaf\x17\x70\xcf\x9f\xa5\xdc\x98\xd5\x6c\x93\x2c"
	"\x7a\x52\x2f\x92\xd8\x48\x29\xc9\x99\x10\xec\x55\x23\x1c\x00\xc1"
	"\xdd\x4d\xba\xc3\xac\x1b\x8b\xea\x3d\x07\x4a\x9d\xaa\xa3\x95\x53"
	"\xbb\xc8\x39\xa0\xe4\xb6\x58\xb8\x05\xc4\xce\x2c\x8a\x89\xbe\x54"
	"\x94\xca\xc0\xcf\x33\x23\xf6\x9e\x20\xea\xb4\xc7\x86\xb8\xbe\x16"
	"\x6a\x1d\xa2\xbc\x5b\xde\xd5\x4d\x26\x91\x4e\xba\x4e\x31\xfd\xbd"
	"\x57\x3a\xdc\x63\x72\xcf\xb7\x48\x89\x5f\x77\xae\x35\x88\xf3\xb0"
	"\x90\x06\xb9\xf7\x0c\xb1\xf3\xac\x53\xa0\x9c\xd3\x7e\xa8\x5c\xc3"
	"\x58\xab\x1b\x65\x16\x2c\x0e\xf1\xb8\x32\x9b\x3c\x50\xf6\xba\xba"
	"\x5c\x27\xf0\xb8\x41\x1e\x11\xfc\x61\xa6\x2e\x64\x6d\xed\x21\x60"
	"\xa1\x4e\x10\x62\x3a\xad\x73\xa4\x1c\x96\xe1\x12\x21\xb1\x3a\x46"
	"\x28\x96\x34\x0a\x06\x5d\xcc\x9a\x88\x95\x7c\x12\xc7\xd8\x9c\x13"
	"\x45\x5e\x79\x87\xbc\x42\x9b\xcd\x89\xe9\x0c\x6f\x12\x99\xb7\xea"
	"\x26\x9d\xf7\xf2\x75\x7f\x70\xac\xba\x7d\x76\x84\xb0\xd0\xf6\xfa"
	"\x0b\x62\xf6\x48\x21\x15\x21\xd4\x08\x94\xda\x17\x23\xf3\xe3\x4a"
	"\xb2\x8d\xf6\x95\x3a\x9b\x25\x40\xb2\x4c\x01\x28\x4e\x2d\xd0\xe9"
	"\xd8\x42\x59\x63\x03\x82\x77\x74\x3d\x09\xcb\x27\x48\xea\x54\x75"
	"\x6e\x18\xed\x78\xf2\xca\x8d\xbc\x95\xf7\x33\xef\x77\x5f\x5e\xbf"
	"\xff\xfa\xf2\xe3\xf9\xeb\xdd\xf7\x57\xb8\x98\x7c\xb7\x6d\xe2\x6d"
	"\xd3\xcd\xce\xa4\x2b\x09\x46\xb1\x27\x1b\x35\x7f\x3c\xbd\xfd\xf6"
	"\xfc\x61\x18\xde\x1a\xcf\x35\xa0\x6d\x6b\x54\x42\x19\x4c\x7c\x9d"
	"\xa1\xa5\xa7\x00\x3f\xe6\x9e\x4f\x1d\xe1\xd7\x43\xd3\x85\xba\x7e"
	"\x81\x07\x65\x3b\x9d\xe7\xc0\xc6\x3e\x67\xaf\x88\x84\xc7\xd5\xcd"
	"\x9f\x7c\xc8\x6e\x87\x22\xca\x5b\x1b\x16\x34\xda\x32\xe6\xb2\xfb"
	"\x63\x64\xaa\x1c\x0d\xea\x7c\x7f\x66\x8d\x4f\x6b\x45\xea\x6e\x83"
	"\x36\x80\xa3\x9b\xcd\x65\x6d\x79\xb6\x80\x80\xdb\x95\x07\x93\x7a"
	"\x9b\x50\xa4\x28\x57\xa0\x81\xca\xe1\x6c\x77\xf6\x0c\x68\xf4\xec"
	"\x61\x14\xac\xe8\xeb\x2a\x77\xa0\x1a\xea\x69\x1b\x58\x9d\xb7\x9e"
	"\xb9\x3f\x89\x76\x6e\x83\xdc\x34\xe9\x05\x43\x9c\x9b\x81\xa9\x10"
	"\x94\x90\x60\xc0\x04\x72\x1e\xb1\x6e\xd8\x37\xbe\x3f\x7d\x7c\xf9"
	"\xfd\x19\xdf\x37\x72\x70\x30\x95\xd7\x72\x20\x99\xf8\x7a\x54\xa1"
	"\x27\xb9\x08\x2c\x88\x79\x8a\x08\x27\x3a\x3b\xf2\xc6\xea\x57\x69"
	"\x03\x0b\x36\x4f\x5d\xcc\x3a\xab\x14\xdb\x4b\x74\x69\x90\xb0\x40"
	"\xc8\x03\x33\x03\x1e\x0f\xdc\x74\x71\x44\x50\x8e\xc1\xbe\x82\xdc"
	"\xb3\xbe\xc7\x55\xc7\x5b\x3f\x06\x4e\xde\x9b\xb1\xf4\x84\xe5\xf3"
	"\xb0\xa1\x79\x5c\x39\xbf\x86\xc6\x85\x9b\xce\xdd\xcf\x83\x0d\xa4"
	"\xbf\x63\x0f\x34\xab\xd0\xbd\xb6\x87\x64\x9e\xfe\x54\x5a\x8e\xdb"
	"\x3e\x9b\x55\x42\xd2\xdc\x53\x4f\x8d\x59\xd8\xdc\x58\x5f\x46\x8b"
	"\xbd\x9e\xd8\xc4\x06\xf1\x76\x82\x90\xc0\x3d\x74\xcf\xcc\x53\x6a"
	"\x04\xa5\x66\x71\x7d\x57\x91\x4e\x25\x3f\x17\x1a\x11\xdd\x2c\x40"
	"\xd3\xcc\xc7\x82\x50\xf7\x47\x9e\xd6\x81\x59\x82\x4f\xbe\xbb\x82"
	"\x1f\x1a\x53\x03\x63\xc1\x3c\x1e\x4b\x3d\x63\x0a\x86\x08\x6f\x80"
	"\xe0\x82\xee\x08\xb4\x9c\x65\x4e\x38\x25\x59\x7e\x3b\x38\xa6\xc5"
	"\xcd\x55\x03\xdb\x7d\x5b\x2f\xaa\x4b\x33\xe7\xf7\x4b\x77\x77\x2f"
	"\x42\x6a\x33\x3d\xa8\x7a\x62\xce\x60\x01\xa9\xe3\xf2\xb6\xb6\x9b"
	"\x4e\x0d\x16\xc0\x71\x19\x4e\x2e\xc7\x38\x6d\xb0\xbb\xa8\xd3\xdc"
	"\x83\x8e\x55\xff\x75\x83\x4e\x27\x05\xf5\x57\x4d\xa4\x4a\x6d\x65"
	"\x08\x26\xaa\x73\xe7\xe5\x8a\xff\x98\x97\x27\x60\xa6\xa8\x0a\xa7"
	"\x9a\x8f\xc9\x7d\x9d\x49\x9c\x55\x54\x53\x88\x1c\x3e\x2f\x97\x22"
	"\x95\xad\x30\x27\x5c\xf0\x74\x35\x01\x1f\x60\x1b\xdd\xae\x0c\x90"
	"\x94\xca\x22\x8d\x99\xd2\xba\xe8\x5c\x51\xce\xaa\xb9\x8a\x13\xca"
	"\x7b\xb6\xe5\x60\x2f\x37\x0e\x21\x9d\x50\x57\x53\xb5\x9d\x4e\x6d"
	"\xf4\x94\x37\x8a\x60\x87\x8f\x8c\xe5\x34\xa6\xbb\x41\xe6\x97\x42"
	"\x0e\x99\xfd\xca\x76\x2a\x51\x1b\x8f\x5e\x7b\x16\x01\x4c\x99\xf2"
	"\x49\xbb\xa6\x0c\xef\xf0\x95\x10\x64\x1d\x6d\x6f\xcf\x86\x31\xf4"
	"\x0e\xf8\x0a\x15\x1d\xec\x07\x89\xee\x44\x3f\xbd\x26\xe7\x69\xeb"
	"\x04\x63\x7c\x04\xaf\x80\x69\xb9\x98\xc4\xf6\x39\x40\xb0\xd1\x14"
	"\x84\xeb\xb7\xf6\x6b\xf2\x7f\x36\xb7\xad\xca\xeb\xea\xdb\x20\xab"
	"\x6f\x63\x5b\x7d\x1b\x64\x25\x6d\x66\x6a\xca\x59\x61\xbf\xbc\x8c"
	"\x0b\xa2\xcd\x64\xee\x6b\x1d\xbc\xd1\xa7\x3f\x32\x08\x1a\x86\x1e"
	"\x19\xe2\x81\x6d\xc0\x60\x2b\xf2\xa3\x40\xda\xf0\xa3\x0e\x99\x1f"
	"\x03\x1f\xac\xec\x4b\xfd\xd8\xdc\x6e\xf4\xb0\xb1\x2e\x6b\x7b\x15"
	"\x75\xe3\x7f\x0d\xaf\x9d\xdd\x69\xd5\x1f\x98\x90\xf9\x6c\xdc\x78"
	"\x76\x8b\xcd\xad\xdb\xc5\xc6\x58\xbf\x66\xb1\x5a\x4b\xd3\x5a\x87"
	"\xe5\x84\x57\xa7\xb6\x1f\xa4\x35\xd7\x1d\xe8\x86\x4e\x29\x2a\x44"
	"\x67\x78\x3d\xe3\x36\xf3\xdb\x90\xb4\xa3\xd1\x74\x65\xf7\x34\x41"
	"\x00\x3d\xec\x71\xe2\xa1\x73\x25\x36\x7d\x67\xdb\xdd\x70\x74\x5c"
	"\x41\x1a\x1f\x68\xbb\x08\xbb\xa5\x0f\x44\xf2\x12\x09\x14\xa9\x83"
	"\x10\x03\x19\x0d\xc2\x6e\x40\x6c\x7c\x10\x29\x1c\xf8\x40\x53\xf5"
	"\x95\x0d\xd3\xf3\xc3\x3e\x18\x6f\xbc\xad\x3e\x65\xa4\xb8\xa1\x7b"
	"\x6a\x5a\x65\x17\x1f\x2e\xb9\x61\xd0\xe0\xeb\x3a\x2f\x6a\x38\x0a"
	"\xbd\x1f\x78\xc3\x1b\xc5\xee\xed\x83\x48\x3d\x98\x1d\x54\x39\x26"
	"\xac\x38\xb6\xa6\x22\xbb\xc6\x7d\x2a\x6d\xb8\x16\xf1\xb7\x11\xf0"
	"\x68\xdf\x95\xd1\xa7\xb8\xb0\xe6\x9d\x91\x88\xc1\xe2\x41\x1a\x44"
	"\xc9\xfb\x5a\x30\x50\x98\xd7\x64\xc1\xa1\x7e\x93\xe8\x13\xd3\xc4"
	"\xcb\x3a\xde\xd7\x02\xd7\x9b\x75\x4b\x20\xf5\xf2\x89\x0d\x51\x8d"
	"\x24\xfc\x6c\xb0\x1c\xf1\xa4\xb1\xa9\xbb\x41\x74\xd7\xab\x85\xdf"
	"\x0e\x33\x6e\x49\x3e\x69\xdc\xaa\x2c\xd0\x53\x40\xca\x02\xaa\xcb"
	"\xf8\x5c\x67\x79\xa7\x97\xb1\xfd\x1c\x62\xfb\x5c\x0c\x38\xf8\x07"
	"\xcd\x5d\xe2\xa5\x31\x14\x27\x53\x73\x35\x51\x64\xfd\x4e\x58\x8f"
	"\xb0\xb3\x05\x8f\x88\xb9\x4b\x5c\x50\xdb\xe4\xc9\x32\xc3\x70\x46"
	"\xfc\x0c\x31\x67\x3e\x24\x1e\x49\x1b\xda\xb3\xe5\x64\xa4\x42\xd2"
	"\x4a\x1c\xca\x02\x11\xb1\x36\x59\x79\xae\x90\x8d\x85\x51\x4a\xe1"
	"\x03\xd7\x2b\xc4\xee\x70\x70\xdd\x92\x2c\xe0\xe3\xcf\xe7\x9f\xcf"
	"\x2f\x3f\x7e\xfb\x67\xef\x35\x36\x71\xd5\xee\xf1\x5d\x1c\x3d\xe2"
	"\xb5\x75\x07\x33\xb6\xe5\x58\x9c\xf2\xd8\xf1\x14\x38\x11\x99\x26"
	"\x08\x7c\xd0\xbe\x3c\xda\xaa\xab\x11\xc7\xd7\x81\xce\xd3\xc8\x43"
	"\x7f\x74\xd2\x1b\xfa\x98\xb9\x01\x51\xea\xa4\xc7\x11\x77\xd2\x85"
	"\x50\xed\xa4\xef\x7d\x5f\x98\x70\xfc\xee\x45\x02\xc4\xff\x69\x6e"
	"\xeb\xbb\xa4\xae\x9d\x35\xe7\x8f\x30\x1a\xee\xee\x7b\x88\xbc\x98"
	"\xf8\x50\x3e\x50\x27\xe2\xd1\x33\x08\x31\xf8\x32\x39\x11\xe9\xe3"
	"\x0d\xa0\x98\x78\xda\xe1\x69\xc6\xe1\xe0\x1e\xaa\x8a\x51\xc7\x30"
	"\x5c\x0d\x52\xe6\x0f\x66\x88\x83\xcc\x38\x52\xf3\xa8\x5c\x6a\x41"
	"\x7e\x7b\x7a\x7f\x7f\xf9\xd7\xcb\x97\xb9\x19\x8c\x10\x51\x27\x96"
	"\xbd\xa2\x00\xc2\x1e\x98\xc6\x7e\x03\xa1\x89\x59\x91\xd0\x16\x6d"
	"\x05\x60\x24\x93\x89\x6d\x20\x00\x48\xcf\xf3\x37\x4e\x54\x44\x7d"
	"\x11\x9a\xc1\xb9\x27\xcf\xcc\x44\x86\x26\xf0\x53\xe5\x6e\xa3\x00"
	"\x6c\x5c\x4d\x14\x9b\xa4\xad\xe2\xd8\xa1\xd8\x57\x3d\x37\xbb\xc8"
	"\x19\xeb\xa3\xb5\xb3\x49\x52\x64\xb2\xc7\x71\x90\xc6\xcd\x92\x3e"
	"\xf1\x80\x18\xd5\x7e\xf1\xc3\x2f\xcb\xd0\x42\x8a\xa7\x36\xfd\x7d"
	"\xb9\xbc\xc9\xb1\x52\xd4\x40\xcc\xcb\x73\x3a\xd1\xe0\x0e\x84\x69"
	"\xe2\x41\x8d\xc4\xaa\xc6\xd1\x55\x64\x72\x7f\x08\x05\x4a\x3f\x4d"
	"\xe7\xe5\x7b\x62\x0a\x7a\x7b\xa2\xec\x5c\x22\xe4\x05\x40\xce\x59"
	"\x5d\x9b\x8e\xc6\x03\x85\x93\xbc\xca\xf0\x45\x4e\xa4\xa6\xa1\x71"
	"\xd2\x31\xee\x76\xfc\x10\xea\x30\x1b\x50\x8d\x60\xd8\x5d\x89\x22"
	"\x3f\x44\x50\x85\xad\xf9\xf1\xc4\xc0\x60\x06\x40\x25\x87\x01\x20"
	"\xa6\xa9\x93\x3e\x5c\xb3\xb9\x3f\xe0\x21\xca\xcb\xc4\xdd\x8b\xa9"
	"\xbb\x97\x95\x61\x64\x87\x85\x41\x1f\xa6\x0a\x2b\x12\xc7\x96\x99"
	"\xb2\xd4\x88\x28\x9e\xc4\xf6\xc3\x3c\x29\xc0\x01\x8c\x97\xd9\x09"
	"\x93\x72\x05\x27\x4b\x64\xd0\x07\x7b\xc8\x86\x8a\x16\x27\x95\x46"
	"\xc8\xce\x1f\x5a\x3c\x5f\xf4\x4f\x91\x06\x41\xa8\x1b\x91\x98\x91"
	"\x38\x0b\x50\x70\xfb\x2b\x0f\xdc\x71\x36\xcb\x96\x4e\xee\x71\x0c"
	"\x44\xb6\x04\xa5\x04\xa8\xea\xed\xb7\x3d\x8f\x75\xa3\xe9\x5e\xe0"
	"\x57\xc7\x73\x63\x41\xc9\x32\x31\x88\xc8\xc3\x5d\x7e\x60\x33\xf8"
	"\x91\xdb\x87\x47\x12\x61\x2c\xf1\x5e\x88\xb9\x2d\x9a\xfa\x43\x51"
	"\xb6\x82\xa6\xb9\x5b\xd5\x95\xee\x76\x9e\x72\x19\xc3\x4d\xd3\x44"
	"\xb7\x95\x19\x91\x58\x45\x26\x90\x96\xac\x18\x9b\xa2\x61\x94\xd1"
	"\x0e\x36\x23\xeb\xb6\x8b\x8e\xfc\xd2\x99\xf9\xc4\xa3\x47\xe3\xf2"
	"\x14\x32\x73\x7f\xc2\xf4\x0d\x90\xb5\xbb\xa9\x29\xc9\x2d\x41\x53"
	"\x74\xcf\x19\x70\x9c\x9c\xdc\x69\xca\x19\x78\xea\x8a\x2c\xef\xcd"
	"\xed\x74\xdf\xb8\xbb\x8f\xe7\xf7\x0f\x0b\x93\x5e\x3d\x34\x7b\x8a"
	"\xef\x17\x49\x5d\x56\x5d\x5e\x16\x6c\x92\xf4\x42\xf3\xe7\xcc\x6b"
	"\x92\x60\xfd\x66\x4d\x21\x11\xe9\x51\x2a\x40\x31\x45\x13\x43\xd5"
	"\x08\x7a\x86\x14\xec\x12\xec\x3d\x24\x9e\x28\x68\x85\xd1\x0e\x2c"
	"\xb1\x06\x9e\x17\x14\x6e\xbc\xd6\xd4\xdc\xcb\x02\x44\xf6\x05\x7d"
	"\x06\xcd\xd2\xc6\x6e\x22\x03\xfa\x15\x25\xd8\x8e\x09\x02\xbe\xfd"
	"\x7c\xfe\x78\x7d\xfd\xf8\xfd\xee\xeb\xf3\xff\xbc\x7c\x79\xb6\x05"
	"\xe3\x85\xf6\xc4\x2c\x6a\xb0\xf5\x30\xd0\x39\xd6\xb5\x0a\x70\x24"
	"\x88\x2a\xb6\x7f\x3e\xce\xc3\xc5\xb2\x75\x21\x2a\x12\x2c\x9c\x80"
	"\xd4\xdd\xc4\xd3\x21\x66\x18\x39\xaf\x4f\xd6\xc8\x54\x3c\x07\xaa"
	"\x8c\xb4\xac\x0f\x49\x0a\xe1\xdc\x4d\x3f\xe8\xb1\xb0\x3b\xc7\xc5"
	"\x72\xb7\x5b\xd8\x07\x40\x22\x1e\x63\xb2\x59\xee\x16\x93\x51\x1d"
	"\x49\xab\xdd\x02\x9d\x4f\x71\xbe\x5a\x6e\x02\x94\x9c\x1d\xe9\x2c"
	"\x80\xfe\x55\x70\x4f\xc5\xaa\xaf\x31\xed\x48\xda\x3d\xc4\x36\x05"
	"\x09\x38\x32\xd6\x47\x43\x57\x7b\x66\x35\xcd\x0c\x73\xf4\xa1\xa4"
	"\x53\x5c\xd6\x50\x4a\xa5\x5d\xa3\x7e\x0d\x28\x8b\xc0\xe8\x79\x52"
	"\xc4\xab\xcb\x0c\xc4\x4e\x7a\x60\x96\x3d\x48\xfc\x5a\xc8\x92\x22"
	"\x93\x05\x32\xf2\x3e\x38\x76\x98\x59\x50\x14\x1a\x0e\x0c\x9a\x89"
	"\x03\xb1\xee\xce\xa4\x2e\x84\xd0\xc2\x91\x3c\x26\x3d\x3e\xa6\x10"
	"\xb8\xb3\x4f\xef\xde\x95\x85\x35\x15\xe7\x88\x86\x10\x59\xe2\xc3"
	"\x21\x84\x17\x44\xa1\xac\xe9\x3e\x89\xe6\x4d\x96\x41\x48\x86\x30"
	"\x77\x00\x01\x3e\x82\x5b\x70\x83\x7a\x6d\xb2\xeb\x5f\xc9\x68\x6c"
	"\x81\x01\x22\x9d\x72\x0b\x92\xa1\x4d\x89\xeb\x84\x68\x29\xd0\xe7"
	"\x2f\x81\xae\x77\x77\x91\xa8\x1a\xac\xf5\xba\x63\x95\x40\x9e\x1f"
	"\x2c\x96\x93\x04\xdb\x93\x49\xab\x7a\x84\x38\x20\x6d\x7e\xa4\x4b"
	"\xb8\xcc\x0e\xa5\x39\x80\x9f\x99\x28\xb5\x3c\x5d\xa7\xe0\x7b\xaf"
	"\x1f\x9a\xf0\xdb\x48\x39\xd0\x17\xc1\x1e\x69\xa8\x0b\x55\x31\x2b"
	"\x2a\xc4\x62\xbe\x07\x40\x0a\x33\xf4\x8c\xd9\x55\xc8\xe1\xc1\xec"
	"\x7c\x6a\x4c\x2b\xb0\xe7\x41\x94\x36\x69\x8c\x95\x77\x85\x5d\x76"
	"\x17\x02\x01\x3f\x16\xee\x47\xab\x62\xbd\xba\x77\x53\x3b\x0a\xe1"
	"\x02\xd5\x2c\x40\x91\x29\x25\xcd\x11\x26\x77\x11\x2c\x16\x76\x03"
	"\x34\x59\x0d\xdc\x36\xd9\x34\x05\x92\x58\x31\xd9\xa1\x30\xd8\x62"
	"\xc2\xfd\x23\xb0\x12\x21\x8b\xc9\x9c\x54\x1c\x73\x08\x68\xb4\xdb"
	"\xfd\xc7\xec\x6d\x2a\xcf\xdc\x3f\x02\x33\x7b\x27\xd6\x29\x3d\xad"
	"\x3b\x85\xe8\x47\x54\xcb\x2e\x43\x92\x96\xf6\xe4\x53\x88\x22\x86"
	"\xfa\xb3\x72\xbf\x47\x38\xf6\xca\x23\xc9\x61\xf2\x87\xcd\x25\x6b"
	"\x90\x12\x78\xd3\x0d\xb1\x4c\x06\x61\xb3\x2e\xc5\x8c\xcb\xb2\x99"
	"\x56\x46\xec\x82\xc0\xd4\x5b\x57\xe3\x45\x6e\x4f\x3d\xc2\x88\x8b"
	"\x42\x58\x56\x9e\x68\x8d\x05\x4f\xa7\x3d\x73\x78\xcd\x23\x2b\x39"
	"\x08\x6b\xd0\x7a\x92\x47\x64\x8c\xa0\x09\x71\xa6\x5f\xbe\xf4\xc0"
	"\x79\x18\x86\xa3\xf4\x7a\x99\x19\xfa\x19\xc5\x1d\x38\xc4\x1b\x49"
	"\x7e\xc4\x07\x34\x79\x65\xdd\x1d\xc5\xdc\x2b\x12\x92\x19\x11\x6d"
	"\xab\x5a\x55\x37\xc6\xa8\x97\x69\x7a\x86\x26\x8e\x11\xf8\xbf\xbd"
	"\x3e\x7d\xd5\x83\xbb\xa7\x67\x19\x36\x53\x6f\x17\xc4\x04\x22\x63"
	"\x3d\xd0\xa6\x29\x56\x85\x48\x9e\x7e\x8f\x95\x0c\x29\x31\xb3\x68"
	"\x62\x11\x0a\x31\xf2\x61\xa0\x6d\xd1\x44\x32\x60\xae\x21\x24\xa2"
	"\x16\x61\x49\xeb\x13\x88\x34\xa8\x52\x9b\x20\x57\x01\x12\x40\x4f"
	"\x35\x62\x2e\xab\x00\x32\xb7\x8d\xaa\xa6\x53\x99\x1f\xed\x17\x2f"
	"\x00\x23\x90\x5d\x68\x00\xcb\x68\xdd\x8e\xb8\x33\x32\x5c\xf0\xb1"
	"\x29\x25\x6e\x1e\x67\x1b\xc8\xa7\x63\x26\x7e\x90\x88\x65\xac\x31"
	"\xbc\xfb\x85\x08\x01\x02\x8c\x1e\xf5\x75\x6f\x18\xc6\xa8\xdf\x1d"
	"\x0b\xe3\x59\x19\xd7\x63\x64\x8f\x65\xf9\xbc\x30\xcf\x75\xfd\xfd"
	"\x50\x63\xfd\x38\x2b\x3b\xc7\x89\xb5\x5c\x0d\x90\x8c\x38\xa9\xf1"
	"\xde\x43\xef\xe6\x44\x65\x4e\x4c\xae\x61\x52\xae\x5d\x2f\x88\xa9"
	"\x4c\x59\x2d\x4d\xcb\x6d\x3b\x00\xc4\x31\xcf\xc9\x75\xfd\x49\x17"
	"\x4a\x99\x65\xf8\xe5\xb7\x9f\xaf\x3f\xdf\xef\xbe\xab\xa0\x27\x62"
	"\x26\x3f\xdd\xbd\xbf\xfc\xbf\xe7\xff\xd2\x93\x80\x11\x79\xe8\x76"
	"\xb9\x34\x96\xd6\xa2\xbf\x8c\x14\x21\x49\x0c\xd4\x49\x0c\xa4\x91"
	"\x0c\x11\x79\xc4\x32\x9a\x84\x5b\xb2\x63\x73\x56\xdc\x00\xb2\x9e"
	"\xfa\x32\x76\xd2\x98\x04\x72\x3b\x9d\x27\x2a\x64\x74\x29\x24\xd9"
	"\x72\x7f\x19\x45\x1b\xf1\xfd\x4a\xa8\x31\xa5\x99\x3a\xce\x79\x13"
	"\x75\x7b\xc6\x23\xf1\x60\x84\x25\x9d\xa0\x11\x33\x34\xbd\xa0\x05"
	"\x83\x70\x3a\x79\x37\x49\xcf\x7e\x55\xab\xf4\xd9\xe9\x3b\xf5\xdb"
	"\xb6\xd9\x1e\x58\x3f\x65\xaf\x8c\xd2\xc1\x92\x92\x5d\x85\x48\x3b"
	"\xe8\xf9\xcf\xb5\xfd\x11\x1e\x81\x26\x8e\xb1\xd4\x04\xb0\x97\xde"
	"\x66\x89\xea\x01\xab\x9c\x20\xb5\x08\x3c\xa2\xec\xa8\x87\x5a\x84"
	"\x02\x4e\x64\x8c\xba\x66\x12\x1c\x4e\x9c\x3d\x31\x26\x4e\xef\x0b"
	"\xab\xe1\xe5\xbe\xe2\x20\xa5\xfc\x09\xff\x18\x9a\x50\x55\xbe\xba"
	"\x5f\xdb\x8f\x61\x8d\x1e\xe0\xd5\x0a\xf2\xd2\x5e\xeb\x32\x70\x57"
	"\x7b\x6f\xb7\xf3\xc8\x1b\x9b\x82\x24\x69\xb4\x4d\xa3\x34\x54\xe5"
	"\x65\x0a\x71\x76\x1a\x44\xc4\x16\x54\x88\x4c\xd7\x18\xe1\xec\x45"
	"\xa1\x8a\xb0\x65\x25\x3d\x94\xd1\x27\xa3\x00\x5c\x32\x0c\xe1\x4a"
	"\x94\x19\x7b\x8b\xf8\x6d\x44\xa8\x11\xbf\xf3\x44\xdf\xa8\x4a\x30"
	"\x44\x83\xe4\x3d\x90\x34\x58\x8f\x23\x27\x08\x20\x65\x4e\x26\xa1"
	"\x28\xc5\xd3\xd2\x09\x62\x24\x5a\x4d\xeb\x8b\x60\xf7\xc9\x24\xe1"
	"\xea\x94\x81\x34\xe3\xf4\xda\xa2\x04\x17\x47\xc1\x63\x63\xf9\x2c"
	"\x06\x10\x64\x60\xe7\x5c\xb4\xbd\x61\xd5\x32\x6c\x6d\x5b\xc2\xe7"
	"\x9a\x18\xe2\x37\xfc\x16\xcf\x26\x88\xef\x89\x24\xcb\x6d\x18\x4e"
	"\x57\x1c\xd2\x07\xf8\xb2\x05\x27\x9b\xb5\x32\x21\xf1\x6e\xb3\x70"
	"\x42\x8e\xf6\x74\x91\x03\x39\x33\x42\x95\xea\xa5\x32\x64\x9e\xf2"
	"\x4b\xd6\xc3\xc5\x0d\x10\x95\xcf\x23\x9b\x44\x13\x9d\xb7\xb0\x8e"
	"\xdc\x81\x94\x0b\x0f\x9d\x3f\x78\xe8\xed\xd6\xf1\x79\x6a\x88\xe6"
	"\x85\xd7\x0f\xb3\xd0\xa4\x24\xb8\x0d\x76\xa1\xb6\x0f\x25\xb5\xd8"
	"\x91\xab\x87\x26\x4e\x4e\x09\x66\x92\x20\xa7\x30\xd8\x5d\x38\x1b"
	"\xec\xeb\x90\x9a\x9b\xb3\x4d\xe9\x25\x4f\x39\xbd\xe3\xe3\xde\x3a"
	"\xef\x45\xa0\x5b\x59\x7b\x41\xe8\x30\x51\x0d\x68\xca\x8a\x6e\xbe"
	"\xf7\xbf\xbc\x7f\xb1\x1d\x5e\x24\x59\x87\xeb\xb6\x4b\xaa\xd2\x2e"
	"\xb6\x09\x06\x30\xbf\xc0\x5e\x81\x18\x5b\x90\xa2\x29\x73\x34\x0a"
	"\x31\x2b\xe3\x15\x62\x51\x93\xe6\x92\xc1\xb4\x1b\x63\xc4\x7c\xb7"
	"\x0c\xf9\x6a\x61\xdf\x80\x05\x0b\x93\x95\x5c\x0a\x92\x62\x43\x62"
	"\x31\xc2\x69\x1e\x04\x5f\x95\xd9\x05\x6f\x95\x78\xab\x64\x05\xc8"
	"\x36\xf6\xe1\xaf\x12\xbe\xdb\x2e\x42\x82\x5c\x4d\x30\x9e\x85\xbb"
	"\xc5\x62\xe9\x20\x86\x0b\x44\xb6\x2b\x78\x59\xf3\xae\x11\xa0\xf5"
	"\xda\x8d\x89\x0e\xc1\xfd\xbd\x1b\x22\x1b\xba\x43\xb4\x98\x87\x3c"
	"\xde\x2c\x91\xd3\x31\xe1\xc1\x66\x6b\x27\x1d\x05\x23\xa3\xee\x50"
	"\xba\x94\x93\xdd\x6a\xbb\x40\x6c\x70\x9a\x46\xf4\x7e\x47\x63\x21"
	"\xcd\xce\x59\x94\x6b\x53\xc5\x22\xb4\x89\x7c\x49\x5c\x75\x8f\x9c"
	"\x52\xc5\x79\x0c\x43\x83\x14\x58\x12\x69\xc6\x0c\xe4\x7c\x99\x5e"
	"\xa6\x43\x0e\xcf\x23\x4b\x54\xf2\x71\x88\x98\x66\x04\xb6\xd3\x09"
	"\x8e\x08\x9c\xfd\xee\x2d\x3d\x50\xa4\xbb\x07\x2e\xa7\x40\x22\x92"
	"\x3e\xc2\x3d\x22\x1c\x3d\x36\xac\x6b\xe1\x26\xa9\x6e\x4e\xe7\x1a"
	"\x8b\x6c\x2b\x37\x0d\x96\x5d\xcd\xba\xae\xbb\x56\x38\x3d\x1d\x55"
	"\x50\x5f\x2a\xa4\x9d\x5c\x63\xd5\xae\x2b\x45\x52\xc4\x5e\x86\x24"
	"\x25\xb8\xd2\xd7\x2e\x7a\x46\xf7\x04\x09\xbd\xd7\x23\x04\x93\xbd"
	"\xd9\xde\x3b\x2b\xd9\x2d\xe3\x76\xe3\x06\xb4\xed\xca\x89\x60\x49"
	"\xd3\x6d\x77\x87\x8a\x72\xfb\x74\x8f\xa3\xfb\x60\x31\xdb\x56\xfa"
	"\x14\x6b\x7f\x3e\xbd\xdf\xb1\x1f\xef\x1f\x6f\x3f\x21\x56\xe3\xfb"
	"\xdd\xfb\xef\x42\x88\xf9\x7a\xf7\xf1\xf6\xf4\xe3\x1d\xfa\xed\xee"
	"\xdb\xcb\x8f\xe7\xbb\xaf\x62\x9f\x7c\xf9\x03\xfe\xd4\xfb\x51\x8c"
	"\x1b\xe2\x55\x35\x2c\xc3\x8c\xf1\x25\x08\x81\x7e\x90\x90\x1e\xed"
	"\x3b\x0e\x58\x74\x12\x98\x69\xd5\x3c\x60\xbf\x0c\x03\x7d\x97\xb3"
	"\xf8\xee\xff\xdc\xbd\x3d\x7f\x7b\xfa\x10\x2d\xbf\x8e\xf7\x04\x02"
	"\x72\x4a\x32\xe4\x90\x53\xe1\x2a\x63\x96\x5a\x8a\x4f\xe2\xb0\x9f"
	"\x97\x5e\x2b\x3a\xbc\xbe\x7f\xa0\xc4\xf8\xe9\xed\xab\xed\x35\x28"
	"\xfe\xf5\x8f\xb7\x57\x71\xfa\xbc\xbf\xbe\xdd\xf1\x0f\xf1\x05\x7a"
	"\xe4\xcc\xbf\xc6\x25\xcf\xff\xa6\x69\x7a\xc6\xf6\x8d\xd5\x5d\xf9"
	"\x6f\x5a\x9c\x1f\xed\xeb\x90\xc6\x87\x12\x09\xd6\xcf\xe3\xae\x6e"
	"\x78\x0b\xbb\x86\x07\x31\xb9\xf2\xe9\xbf\x8c\xe3\x22\x91\xcc\x6d"
	"\x91\x97\xc6\xf5\x70\x4d\xc4\x06\x03\xac\xb9\x55\x7d\x24\x1e\xd0"
	"\xd4\x0e\xf0\x78\x92\x93\x49\x49\x3e\x66\xf9\x9c\x10\xe0\xaa\xa3"
	"\xbb\x5e\xb8\xc9\xa6\xf5\x6d\xba\xfb\xf8\xf7\x1f\xcf\x77\x7f\x15"
	"\x93\xf8\xbf\xff\x7e\xf7\xf1\xf4\xc7\xf3\xdf\xef\xe2\xe4\x1f\x62"
	"\xe9\xfc\x4d\x8b\xf0\x3d\x30\x5a\x46\x7b\xe3\x43\xad\x4a\x11\x55"
	"\x7d\x4f\x2e\x39\x6f\xdc\xec\x9b\x35\xa3\xed\x50\xb9\x66\x86\x3a"
	"\x96\xe9\xa6\x3d\xf2\xfb\x20\x4b\x68\x43\x0a\x3d\x7b\x91\x2c\x07"
	"\x65\xa8\x61\xc9\x2a\x4b\x79\x0c\x76\x0b\xa0\x22\x32\x3a\xa4\x19"
	"\x96\xb5\xc1\xed\xa8\x27\x2a\x36\x1f\x19\x13\x92\xc6\x3e\x04\x93"
	"\xff\xf5\x80\x38\xe1\xb7\x40\x32\x16\x71\xe2\xc2\xd4\x95\x73\x2a"
	"\x41\x1c\xe1\x0c\x6e\xa5\x0c\x0f\x0c\x49\xc1\x22\xe3\x29\x2a\x04"
	"\xe9\x9c\x27\xca\x34\x5f\x1e\xb7\xfb\x68\xa9\xf0\x6e\xd0\xca\x07"
	"\x8a\x8a\x36\x74\x60\x22\x1a\x3a\x88\xfd\xf4\x5a\x9e\xbb\x56\xfc"
	"\x23\x97\x17\xfe\xa6\x43\x85\xd8\x31\x4b\xaa\xa8\x63\xd7\xb6\xad"
	"\x13\xe0\x1c\x0f\x12\x93\xda\xf1\x76\x42\x62\x77\xf3\x08\x8b\xef"
	"\x9d\x0d\x00\xc0\xce\x03\xd8\xad\x5c\x80\xfc\xe4\xfc\x82\xfc\x74"
	"\xcc\x1d\x23\x25\x83\x8e\x89\x79\xe1\x40\x80\xce\xab\xc6\xe9\x54"
	"\xbc\x3e\xac\x11\x8e\x6a\x4f\xe4\xee\x58\xd0\x33\x66\x7c\x31\x62"
	"\x1c\x9c\xc7\x88\x71\x7f\x69\xd5\x2c\x7d\x80\xd0\xbd\xfa\x72\x52"
	"\x37\xd5\x23\xc3\x16\xdf\x31\xe5\x87\x38\x31\x1d\x11\xc6\xe2\xe9"
	"\x71\x63\x43\x08\x36\x1a\xd2\x32\xdb\x6a\xe8\x92\x73\x2c\xd6\xf0"
	"\x88\x71\x54\x35\x28\xf0\x6c\xc5\x9d\x61\x58\x28\xeb\x05\xf1\xd6"
	"\x08\xb3\xa2\x97\x0a\x76\x6e\x0f\xca\xf2\x52\x77\x19\xd5\xdb\x1c"
	"\xe7\xc9\x7c\x3b\x86\x1a\x8e\x45\x17\x2e\x12\xb6\x37\x72\xcf\x09"
	"\x42\x7f\xf3\x67\x94\x1d\x2a\xc3\xfe\x5d\xfc\x74\xf0\xe1\x23\x15"
	"\x4d\xec\x0b\x08\xb0\x18\x80\x90\xe6\x32\x16\x91\xb5\x43\x25\xa7"
	"\x0e\x77\xfb\xae\xdd\xa3\x61\x88\x16\x44\x4d\x88\x02\x89\xfa\xd9"
	"\x1f\xe4\xed\x32\xd8\x05\x8e\xe5\xcf\x2a\xd7\xb9\x52\x40\xa2\x1b"
	"\x27\x9d\x04\x8b\x85\xa3\x75\x0d\x75\xec\x0b\xfc\x92\xaf\x97\xf1"
	"\x56\xec\xa0\x21\x0e\x7a\x14\x43\x2b\x86\x3f\x08\xb7\x0b\x17\x88"
	"\xf8\x36\xfc\x24\x5e\xee\xd6\x7f\x3a\x36\x11\x68\xcb\xee\x7e\x85"
	"\x23\xce\xc9\x7d\xb0\x73\x7c\x0e\x3e\x5f\x14\xa7\x94\x7b\x76\xe2"
	"\x2a\xdf\x2e\x16\x01\x4e\x1f\x0e\x56\xb1\x8c\xf3\x98\x39\xce\x94"
	"\xe4\x80\xd3\x4a\x9e\xa8\x61\x25\x13\xbd\xb7\x91\xf8\x14\x96\x9e"
	"\x6d\x2b\x10\xe5\x36\xbd\x7f\x62\xd3\x84\xe6\x88\x26\x0a\xbb\xeb"
	"\x1b\x95\x7a\xb9\xbc\xac\x6c\xf4\x18\xfd\x57\x9a\x79\x85\xa4\xf1"
	"\xa5\x76\xb5\x42\x3e\x1f\x95\x2b\x29\x3a\xa6\xac\x9c\x54\xa8\x96"
	"\xb5\xca\xce\x94\x93\x82\xec\x69\x2d\x53\xf8\x60\xca\xd2\x04\x92"
	"\xd3\xc9\x40\x45\xd6\x98\x56\x82\x2c\x75\x99\xfa\xa5\xd8\x68\x07"
	"\x33\x09\xec\x2e\x28\xbc\x20\x15\x3f\x94\xe8\xc7\x34\x07\x56\x00"
	"\xcb\x7d\x62\x90\x6e\xd0\xd1\xa6\x59\x27\xeb\x44\xa9\x27\x76\x22"
	"\x84\xec\x87\x91\xc0\x9a\x1b\xb9\x31\x11\x54\x74\x86\x0b\x1a\xe4"
	"\x3c\x40\x6b\xb5\x45\x81\x37\xc7\xc5\xae\xbe\x87\xfe\x97\x57\xdd"
	"\x93\x9e\x4c\x33\x32\xb1\x66\xbe\xd2\x4e\xb4\xf7\xc6\xd7\x1f\x50"
	"\x85\xca\x62\x07\x62\x17\x53\x69\x6d\x2f\xba\x5b\xde\xdd\x89\xed"
	"\xc7\x55\x17\xf2\xd8\x2f\x81\xed\x15\xe4\x14\x39\xeb\x4a\x69\x3c"
	"\x9d\x16\xb8\xb1\xb3\xa0\xc2\x19\x29\x87\x94\x63\x08\x77\x5e\x42"
	"\x01\x18\xe2\xce\xaa\x16\xd8\x5b\x67\x62\x3a\x88\x92\x01\xf9\x31"
	"\x4a\xb8\xc2\x1d\x93\x2b\xc9\xec\x40\xc9\xa4\xf9\x51\x79\xb6\x2b"
	"\xaa\x86\x80\x79\x88\xe6\x35\x3d\xf2\x49\xf8\x62\x25\xc5\x53\x4a"
	"\xef\x82\xe5\x6e\x75\xf7\xd7\xf4\xe5\xed\xf9\x2c\xfe\xfd\x9b\x4d"
	"\xdf\x94\xb2\x9a\x82\xdd\x9e\xbd\xee\x9e\xd8\x15\x25\xbf\xd8\x2d"
	"\x7b\xc5\x86\x03\xea\x5c\x3d\x73\xd0\x24\xd4\xbe\x69\xfa\x17\x95"
	"\x85\x99\x27\x44\xaa\xab\xf5\xbe\xa0\x8f\x47\x92\x89\x79\x81\x1b"
	"\x8b\x23\xca\x74\xe6\xf0\x8b\x6b\x28\xc9\x31\x23\x35\xd4\x01\x81"
	"\x55\x28\xe9\xd4\x62\x14\xb8\x8f\x46\x6c\x23\xf6\x88\x1b\xb5\x68"
	"\x03\x64\x27\x41\xda\x0e\xc2\x75\x99\xd9\x0e\x83\xe6\x68\xc4\xbb"
	"\x15\x3f\xbb\x93\xec\xf1\x5a\x08\xfd\x1d\x62\x69\x74\xc2\x6e\x47"
	"\x8a\x2c\xc7\x12\x37\xd6\x53\x67\x51\x35\x83\xc0\xe0\xed\xaa\x8c"
	"\xfb\x6a\x6a\x82\x92\x97\xf7\x8f\xb7\x97\x5f\x7f\x82\xde\x8b\xff"
	"\xdf\x97\x8f\x2f\xbf\xdf\x11\x2d\xa9\xbc\x06\x1f\xc6\xbd\x39\x80"
	"\x79\xe4\xc4\xcf\x46\xec\x5a\x49\x59\x77\x4b\xc5\x2a\x5f\xbf\xa2"
	"\xac\x31\xae\xa9\xb9\x54\x87\xd2\x1a\xd0\x5b\xab\x8f\x24\xa4\x6a"
	"\xcc\x2d\xa4\x2f\x92\x56\x6a\x29\xab\xa9\xa7\x02\x71\xe6\x19\x9a"
	"\x5e\xda\x04\xcb\xa0\xf5\x3c\x94\x09\x41\x13\x8e\x95\x83\xc1\xe9"
	"\x66\x2c\x2e\xb1\xf8\x45\xd7\x47\x1b\x6a\x86\x37\x26\x31\xc5\xd8"
	"\xda\x5e\x31\xd9\x70\xdf\x47\xe4\xe4\x73\x59\x58\x3b\x9c\x98\xfc"
	"\x8a\xf8\xb9\x0d\x82\x00\xbd\x5a\xab\x60\x86\x2c\x11\x57\x61\x21"
	"\x7a\xb4\xfb\xc8\xd7\x16\xb1\xec\x0b\xc1\x71\x19\x6f\x7d\x4c\xcf"
	"\x89\xe7\xb1\x3a\xb6\xb7\x1f\x66\x53\xc9\x4d\xbe\x2c\xc3\x7c\x99"
	"\xb3\x00\x25\x50\x94\x82\xf5\xbd\x6f\x12\x1c\x05\x6b\x60\x7e\xa6"
	"\x2c\xe9\x8a\x68\xbb\x5d\x2c\xdc\x0f\xab\xe8\xc4\xe6\x5a\x88\x56"
	"\x2b\x84\x89\xcc\x61\x33\x42\xb4\x7f\x45\x6b\xef\x8c\x18\x9b\x54"
	"\x0d\xdb\x97\xc5\x12\xad\x0c\xe1\xf9\x2f\x42\xba\xc9\x51\x13\x53"
	"\xf1\x60\xe3\xfd\xe0\x98\x98\x76\xdd\x51\x41\xdc\xcf\xc0\x03\x85"
	"\x99\x93\x48\x6c\xb1\x91\xef\xa1\x13\x3b\x1a\xfd\xda\x1c\x8e\x05"
	"\x98\xe6\x41\x2a\x70\xc4\x05\x4d\x87\x9c\xfc\x90\x68\xdf\x7a\x31"
	"\xf5\xde\x6a\xfc\x24\x5b\xd7\x55\x93\x30\x05\xec\xf1\xc8\x30\x8f"
	"\x8b\x81\x38\x69\x98\xe5\xcb\x0f\x34\xe3\x26\x8f\xdf\x17\x75\x4d"
	"\x80\xe8\x96\x7b\xf2\xd2\x4d\x5e\x79\xc8\xde\x96\x09\x71\xd5\x68"
	"\xd7\x74\xc7\xb3\x3c\x22\xa6\x1a\x2b\x8c\xe5\xb5\xa7\x90\xf8\x77"
	"\x3c\x5f\x10\x77\x3b\xea\x99\x88\x09\x9d\x39\x19\x37\xc7\x0c\x4d"
	"\x7a\x34\x3c\x35\x35\xa8\x4d\xb2\xf0\x01\xcb\xdd\x9b\x40\xde\x00"
	"\x77\x7d\x54\xc8\x00\xd4\xc8\xf7\x15\xd1\xd0\xdb\x76\xfa\x39\x3e"
	"\x30\x63\xe6\xa8\x92\xae\xa8\x78\x2f\xc0\x81\x51\x5d\x47\xbd\x35"
	"\x1d\x84\x4c\x05\xc7\x95\x71\x12\x1d\x58\xbb\x3e\x24\x61\xb7\x9f"
	"\x24\x85\xd0\x00\xa0\xa1\xa7\x38\xb9\x5a\xac\xd0\xa3\xe5\x50\x70"
	"\xac\x1c\xa2\x5f\xa4\x28\x11\xdd\xfb\x04\x71\xe9\xf9\xcc\xca\xd4"
	"\x73\x05\xbe\x7d\xf9\x70\x24\x67\xca\xcc\x4e\xf1\xce\x55\xb6\x0d"
	"\xd7\x6d\x6b\x3d\xbe\x64\xba\x58\x63\xc0\x30\x15\x12\x10\x1c\x14"
	"\xc4\x5c\x63\x1f\x61\xe5\xc8\x36\xc6\x5a\xec\x91\xe9\xd1\x6e\x52"
	"\xb0\xea\x56\x58\xcb\x04\x01\x7b\x26\x46\xa4\x94\x3c\x58\xd8\xd7"
	"\xd4\xa7\xdc\xb3\x9c\x72\x52\x9f\x68\x66\xa6\x2b\x39\xe5\xd8\x8e"
	"\xca\x1f\xac\x19\x45\xf9\xc3\xc5\xb4\x12\x15\xbf\x51\x8d\x8a\xfe"
	"\x72\xf1\x66\x52\x94\xc6\x6a\xce\xb3\x56\xac\x04\x44\xc5\x9e\xb5"
	"\x6b\x5c\x0e\x14\x54\x7e\x76\x92\xd3\xb3\xa7\x3d\x2c\xae\xcd\x49"
	"\xf7\xc0\xb7\xdb\x95\x9d\x4d\x00\xd2\x3a\x70\x90\xc4\x1b\x33\x84"
	"\xfc\x59\xd4\xda\x22\x7a\xf6\x49\x7b\xca\xd9\xc6\x55\xc4\xe1\xf6"
	"\x13\x62\x71\x27\x88\x6d\xb8\x12\x54\xcc\xfa\xa5\xb8\x5f\x2d\xdb"
	"\x1b\xde\xca\x69\xce\xac\xeb\x32\xbf\xd4\xc6\x2a\x87\xdf\xc1\x02"
	"\xb1\x7c\x4e\x29\xc9\x0a\xcf\xeb\x0a\xd2\xf4\x2f\xbb\x1e\x2d\xaa"
	"\xc8\x2e\xa4\xf1\xed\x72\x1b\x7a\x36\x23\x88\x8e\x52\x4f\xb3\xb7"
	"\x87\xc8\xa4\x3e\xb5\x7b\xea\xad\xae\x2e\x8b\x32\x9f\x24\xa5\xf0"
	"\x9c\x7c\x85\xbd\x03\xb7\x13\x97\xc7\x82\x86\x0f\xfe\xa9\x50\x9c"
	"\x04\x27\x63\x1c\xea\x69\x59\xc7\x34\xa1\xd6\x8c\x88\xda\x83\xe5"
	"\x03\x33\x85\xb4\x43\xe9\xd9\x94\xfb\x6c\x9b\xb4\xd8\x43\x62\x55"
	"\x33\x15\xac\x38\xc0\x0e\xf6\x71\xb9\x50\xb0\xf1\x4f\x99\x47\xec"
	"\x54\x7a\x7a\xc3\xcb\x3c\x23\x4b\xec\x66\xf1\x31\x43\x99\xf1\xc7"
	"\x6c\x8f\x3a\x12\xb5\xb4\xe8\xd0\xe7\xa8\x47\x9e\x02\xe5\x0b\xf8"
	"\x32\x1b\x6d\x8c\xc9\xbd\x38\x4a\x50\x63\x19\x65\x2b\x6f\xcf\x08"
	"\x55\xe7\x86\x48\x2f\x7f\x0a\xa1\x6d\x5f\xf2\x69\x21\x3f\xcc\x8a"
	"\x20\xa2\x8a\x75\x16\xd5\x89\xd1\x89\xf5\x66\xb1\xf2\xac\x09\x08"
	"\x9c\xdc\x50\x83\x15\xdb\x06\xcb\x1d\x72\xd9\x0e\xa4\xa6\xb4\x2f"
	"\x98\x7a\x1b\x6c\x76\xbe\x97\x15\x70\x9d\x6a\x6f\x3a\x78\xbd\xd7"
	"\x56\x52\xef\xd8\x67\x2c\x5b\x38\x43\x3b\xef\x34\xe7\x94\x3e\xda"
	"\xab\x2c\x33\x52\xa7\x19\x31\x75\x15\x1c\x73\x92\x03\x8f\x3f\x18"
	"\x7f\xcf\x34\x16\x3c\x20\x31\x77\x97\x78\x17\x2e\x96\x81\xef\x29"
	"\x6e\x3a\x53\xf0\x1d\x76\x2d\xc6\x78\xb0\xf3\x0c\x28\xcf\xb9\x31"
	"\x07\x78\x1e\xef\x02\xfb\x3a\xa2\x15\x8b\xed\x1c\x1c\x54\xb2\x0b"
	"\x82\xd6\xac\x48\x94\xad\x7c\x7b\x2c\x2f\x63\xb1\xc3\x1a\x8e\xce"
	"\x3a\xb5\x91\xc7\x88\x51\x6d\x93\x43\x84\x3b\xff\x50\x9a\x4a\xbd"
	"\x03\xa9\xaa\x4b\x4e\x49\x86\x09\x0d\x7b\x9a\x23\xee\xa8\x9c\x0b"
	"\x16\xd4\xbe\x49\xb0\xa3\xa7\x11\x97\xa2\xac\xf8\xc5\x18\x2f\xb8"
	"\xd8\x6e\xb3\x3d\x9a\xf8\x6d\x78\xb6\xa1\x87\x63\x63\xec\xba\xaa"
	"\xc4\xf3\x94\xf9\x04\xeb\xe2\x4a\xb0\x33\x04\xcb\x69\x99\x11\xcf"
	"\x14\x3d\x99\xc7\x85\xf8\xd9\xd5\x82\x25\x47\x74\xa2\x82\x0a\x2e"
	"\xe2\xb1\x5d\xaf\xaf\x55\x7b\x66\x9f\x0b\x33\xb3\xa0\x2a\xe9\xce"
	"\x6b\x8c\x41\x1f\x01\x4b\x04\x90\x26\x09\xc3\xe4\xa2\x8a\x59\xaf"
	"\x12\x85\xf4\xac\x14\xef\x9a\xde\x1d\x0a\xa7\x8e\x45\xb2\x2c\x86"
	"\xdb\x37\x86\x09\x5f\x0a\xc3\x9a\x88\x20\x17\x65\x43\xc5\x5d\x7e"
	"\x6c\x71\xc7\x68\x03\x05\x1e\x73\x35\x75\x54\xe7\x11\x08\x25\x46"
	"\x2c\xc3\x18\x6e\x13\x72\x1c\x52\xc6\xa0\x14\xc5\xe9\xbd\x5e\xc5"
	"\xd2\x85\xd5\xe1\x92\x31\xcd\x37\x9e\x9f\x45\x89\xa1\x5a\xa1\x09"
	"\x64\x6e\x06\x67\x5e\x00\xcf\xad\xf3\x19\xbb\x83\x72\x3c\x64\x06"
	"\xa8\x3d\x27\x4f\x6a\x8a\x4d\xa5\xec\xc4\x01\xed\x76\x7b\xbf\xdb"
	"\x44\x38\xa0\xd9\x2e\x96\x2d\x4a\x16\x83\x0e\x06\x4b\x2e\xfa\xf6"
	"\xde\x45\xef\xf5\x8c\x28\x20\x66\x31\x49\xf0\xf6\xf7\x6a\x18\x94"
	"\x9e\x10\x31\x7b\x1d\xd5\x27\x15\xf0\xb9\xa1\x93\xde\xc4\xdb\x20"
	"\x70\xd7\xb0\xda\xba\xe9\x9b\xfb\x29\x7d\xbc\xf9\x6a\xa9\x1c\x3e"
	"\xc3\x40\x2f\xae\x32\x31\xc3\xb1\x1a\xa5\xcc\xde\xb5\x67\x72\x41"
	"\x21\x19\x18\x5a\x35\xc1\x22\x08\x62\x1c\x03\x61\x2f\x10\x5a\x2f"
	"\xaf\x7a\xe9\x42\x24\xc1\x31\x52\xcc\x43\xbe\x7b\x94\xb9\xa6\xdf"
	"\x7e\x25\x34\x81\xb3\x6a\x29\x3b\xa1\x88\x42\xc6\xd4\x20\xf8\x17"
	"\x3c\x3a\x1f\xef\xb9\x38\x07\x5d\x32\x5e\x38\x5d\x30\x5f\xc3\xd7"
	"\xd9\x0f\x54\xb1\xeb\xe0\xc4\x86\x06\x8b\x16\x49\x5c\x4c\x6b\x22"
	"\xb6\x79\x16\xe3\x2f\x3f\xc1\xed\x33\x04\x12\x40\xe8\x2d\xcb\x58"
	"\x21\xb6\x58\xb1\xb5\x84\x35\xfc\xd7\x35\x7c\x42\xc8\xde\xed\xd6"
	"\xb9\x4d\x13\x5e\x55\x9a\x3f\x99\xf8\xd1\x45\x3c\x31\x33\xfa\x42"
	"\x61\x42\xc1\x11\x91\x9a\x85\xd3\x10\xe6\x50\x96\x57\xd5\x04\x25"
	"\xed\x10\xcc\x74\xa3\xa2\xb8\x34\x50\x8d\xf9\xba\xb2\x8f\xb0\xab"
	"\xd5\x32\x58\x00\x6b\x45\xd2\x6d\xbc\x31\xad\x0e\xb8\x5d\xc7\xca"
	"\xb3\x83\xf6\x30\xb8\xbf\xa8\xf0\x4f\xe0\x72\x6e\xba\x8d\x08\x52"
	"\x4c\x9a\x18\x75\x9b\x79\x20\x67\x4c\xf5\x08\xe4\x0a\xd2\x73\x5b"
	"\x23\xc0\x00\xb5\x6e\xb2\x6d\xb0\x5e\x98\x2d\x51\x85\xa1\x59\x08"
	"\xca\x87\xad\xae\xed\x83\x42\xf1\xaf\x21\x1e\x0d\xdf\x01\xdb\x7f"
	"\x70\xdf\x62\x84\x5d\x17\xdc\x6f\xc9\x9c\x1a\x27\xb1\xd4\x72\x5b"
	"\x29\x1d\xd5\x9d\x40\x75\x82\x0a\x47\x66\x7c\x35\x90\x94\x4e\x73"
	"\x40\x20\x1d\x30\xd4\x91\x47\xcc\x5a\x49\x92\xef\x36\x88\xbd\xd6"
	"\x00\xe1\xf5\xee\x1e\x61\x8d\x34\x88\xfd\x6a\x6c\x04\x88\x75\x7b"
	"\xbf\x6e\x2d\x3d\x26\xd9\x79\x45\x99\x55\xbb\xcf\x36\xe1\x82\x38"
	"\xaa\x2d\x60\xb3\xde\x2e\x6c\xcf\xc2\x51\x10\x39\x1b\x9d\xc7\xfc"
	"\x7e\xbb\x74\x7f\x58\x0d\xa9\xa1\xbb\x43\x69\x77\x85\xd2\xfa\x97"
	"\x1f\x23\x4e\x07\xdb\x11\xfb\x30\x2a\xc8\xb4\xad\x24\x63\x5d\xbe"
	"\xde\x2c\x71\xbf\x31\x52\x84\xf7\x21\xd6\xb9\x11\xcd\x1e\x74\x23"
	"\x33\xf9\x40\x9d\x8b\xd5\x7f\x9c\x75\x29\xad\x78\x59\x84\xdb\xed"
	"\x16\x5f\x6b\x71\x68\x17\xec\x86\xef\xf8\x4c\x8e\xf5\x91\xdb\xfa"
	"\x3b\x6e\xb7\xe1\x32\x58\x74\xae\xb5\x0a\xb8\x07\x92\xe5\x88\xdd"
	"\xdf\x00\x79\x14\x27\xcc\xf9\x8c\xd8\x6f\x00\xe8\xc0\x4b\x67\x05"
	"\xe2\xa4\x5f\x07\x2d\x3e\xab\x59\x75\x70\x35\x93\x33\x5a\xc3\x7d"
	"\x2f\x72\x3d\x01\x90\x53\xb6\xf1\x2c\x89\xf8\x20\x44\x6e\x5b\x57"
	"\x9e\x27\xb2\xf9\x18\x95\xeb\x9c\x70\x04\x7e\xb5\x8a\xc8\x95\x8e"
	"\xc4\x46\x6b\x0e\xe6\x65\xfa\xc1\x61\xcb\x29\xa8\xeb\x07\xd4\x71"
	"\x47\x50\x37\x0f\x19\x22\x2c\x89\x25\x19\x2c\x7c\xed\x6c\x72\x53"
	"\x51\x2d\x0b\xec\x15\x6a\x8f\x0d\x4c\xad\xa7\xf6\xe1\xd6\xd1\x42"
	"\x9a\x5d\xcb\xb0\xea\x1c\x62\x82\x1f\xd0\xf0\x21\xd2\xab\xac\x39"
	"\x33\x6a\x85\xfd\x80\xd8\xf9\x0c\xb1\xbb\xe7\x88\x0d\x5b\x55\x33"
	"\x9e\x5b\xa3\xa1\xeb\xef\xb3\x5c\x79\x08\x49\x88\xd6\x0d\x62\x51"
	"\x9f\x9f\x59\xca\x68\xeb\xab\x95\x26\x8c\xa0\x73\xa7\x26\x26\xb7"
	"\x60\xd0\x46\xc5\x9c\x8d\xa8\x7b\x5d\xe9\x04\x3d\x3d\xb3\x5e\xde"
	"\x20\xf8\xcf\x97\x84\xcc\xb6\x95\xcf\x49\x10\x2e\x02\xcf\x97\x49"
	"\x49\x8d\x16\xe6\x95\xf2\x63\x53\xa4\xa0\xcd\xa9\x20\xa4\x83\x8c"
	"\x54\x30\x13\x10\x1f\x7f\x3e\x7d\xfb\xf2\xfa\xfd\xfb\x1d\xf9\xf8"
	"\xfd\xf9\xed\xf5\xfd\x2e\xce\x92\x3b\xa8\xb8\x4f\x0e\x7c\x35\x7c"
	"\x7a\x8c\x49\x27\x88\xb3\x85\x2b\xca\x87\xe2\x2e\x4b\xeb\x25\x36"
	"\xe8\x39\x51\x98\xf2\x21\xc6\x97\xc0\x10\xc8\x2b\x08\xce\x7e\x50"
	"\x56\x71\x8e\x6b\x7a\x4f\x25\x4c\x09\x51\x13\xe2\x32\xab\x9a\x3d"
	"\xd4\x55\x20\xfb\xec\x04\xb6\xaf\x29\x2d\x3a\x74\xd2\x67\xec\x98"
	"\xc3\x89\x8b\xb7\xaa\x49\x32\x07\x55\x4c\x31\x21\x93\x22\x16\x63"
	"\x79\x15\x77\xc7\x06\x92\x20\xe5\xf4\x5c\x22\x81\x84\x55\x17\xa7"
	"\x29\xc4\x6b\xea\x2f\x09\xb8\xa3\x27\x09\x6f\x50\x4b\x5d\x89\x28"
	"\x08\xa2\x4d\x97\xd4\xa6\x55\x21\x53\x45\x59\x53\x97\x19\x16\xb6"
	"\x4c\x62\x15\xd7\xcc\xed\x97\xa6\x62\xe2\x00\x63\xa0\x02\x80\x35"
	"\x34\x6e\x18\xa6\x30\x89\x45\x25\x90\x7c\x3b\x76\x59\xd2\x4e\xe6"
	"\x64\xe8\x9f\x4b\x82\xbf\x21\x7e\x54\x8a\xb9\x58\x4c\x26\x2f\x69"
	"\x91\xab\xe1\xbc\x92\x6f\x8a\x20\x3c\x0f\x12\x16\x15\x82\x7b\x49"
	"\x87\x70\xb1\xb9\xe6\xd5\x2d\x6d\xc2\x82\x1c\x13\x08\xcb\x51\x08"
	"\x49\x63\x4f\x0b\xe4\x52\x5a\x4d\x97\xe8\x53\xbe\xaf\x1d\xe7\xa4"
	"\xd9\x53\x29\x1f\x26\x98\x1f\xcc\xc5\x36\x1e\xc8\x01\x13\x7f\x84"
	"\x37\xf0\x98\x67\xd4\x94\x95\xd5\x4d\x07\x2b\xda\xb6\x11\xc6\x85"
	"\x60\x1c\x72\x9a\x83\xd9\xb6\x8c\x63\xa5\x09\x5d\x30\x11\xb2\x6c"
	"\x62\xdf\x0b\x0f\x98\xd1\xf1\xa1\x00\xbd\x0e\x57\xd4\x47\xfd\xb6"
	"\x55\xbe\x72\x10\x0e\x8d\xf8\x7a\x9c\x56\x04\xf2\x65\x76\x51\x22"
	"\xc6\xc6\xea\x1e\x71\xe4\x32\x96\x98\x98\xf2\xbc\x82\x88\x82\x93"
	"\x86\xc8\xc8\xaa\xa1\x95\x03\x1d\xc9\x93\x0b\x4a\x59\x0e\x66\x37"
	"\x04\x5d\x3a\xe3\xa3\x2b\xbc\xe6\xa3\x90\x98\xf9\xe4\x23\x81\x0f"
	"\xe5\xa7\x78\x52\x2a\xe6\x54\x36\x38\xc6\xd2\x1f\x90\xc6\xf9\xee"
	"\xfc\x02\x21\xb1\xfe\xda\x87\x46\x7e\xf9\xf1\xdb\xdd\xab\x0a\x98"
	"\xf7\xb7\xbb\x8f\x57\xf1\xaa\xe7\x3b\x71\xc6\xf4\x28\x8b\x26\x12"
	"\x63\x75\x4f\x79\x0b\x56\x9b\xd8\x3d\x62\x42\x4f\x9c\xe1\xb1\xdb"
	"\x6d\xa1\x01\x35\x6f\xd5\xa4\xc0\x22\x9e\x58\x5c\xe5\xff\xf8\xf9"
	"\x81\xfa\x6a\xcb\x60\x9d\x5a\xd6\x33\xf8\x39\x04\xf6\x34\xca\xd2"
	"\x14\x66\x6a\x36\x49\x48\xa1\x68\x10\xe0\x1a\x8b\x2e\xae\x10\x5c"
	"\xc6\xaf\x7e\xc8\x89\x35\x0f\x93\x84\xe4\xa4\xa9\x59\xfb\xa0\x02"
	"\xcc\xc9\x96\x1f\xdf\x9f\xdf\xbe\x3d\xfd\xf8\x7a\xf7\xf2\xe3\xe3"
	"\xf9\xed\x5f\x4f\x93\x50\x2d\xfd\x63\xe5\x91\x53\xf7\xcb\x3f\x95"
	"\x17\x7b\x54\x73\x45\xa6\xa7\x49\x20\xa5\xa1\x18\xdb\x57\x14\xfd"
	"\x81\x5e\x20\x02\x94\x35\x47\x94\x58\x4e\x7d\x5c\x3f\x5e\x99\x6e"
	"\x85\xea\xd9\xa6\x3c\xc6\x07\x1e\xcb\x53\xb9\x89\xb3\xfc\x14\xce"
	"\xdf\xaf\xd6\xa4\x8c\xc5\x29\xe1\xee\xa6\x88\x63\x38\x2a\x6d\x56"
	"\xec\xda\x9b\x20\x78\x61\xd7\xc7\xf1\xd5\xa6\x06\x16\x55\x72\xac"
	"\x3b\x2a\x49\x6d\x2c\xf6\xa1\x4c\x88\x34\x76\xa6\x48\x03\x54\xeb"
	"\x35\x22\xb2\x4e\x40\xb6\x5b\xdf\x2b\xa4\x79\x88\xec\x4d\x78\x6c"
	"\x82\x05\x12\x12\x46\xc3\x84\xc1\xc6\x83\x49\xfa\x98\xfc\xf5\x66"
	"\xbb\x76\x23\xb3\x87\x87\x28\xb1\x8e\xba\x8a\x6a\x01\xa9\x3b\x8c"
	"\x3d\x4e\x06\x3c\xbe\x74\xd3\x94\x1e\x9a\xb5\x45\x06\xf6\xa9\x48"
	"\xca\x0f\x69\xd4\x40\xb2\xa1\xda\x71\xd7\x01\xc6\x0b\x2b\x1b\x22"
	"\xcf\x8a\xe3\xe3\x24\x63\xfa\x37\x46\xc6\xd2\xf1\x53\x64\x90\x57"
	"\x5b\xaf\xca\xa0\xb1\xb0\xac\x91\xe8\xc3\x23\xb0\x81\x8d\x39\xd8"
	"\x78\x41\xdb\x55\xe0\x99\x05\x6a\xfd\x7b\xba\x3e\xdf\x2e\xc3\xa5"
	"\x1f\xb3\x5c\xfa\xde\xd5\xde\x2f\xd7\x3b\x0f\x28\xe6\x1e\x40\x55"
	"\x07\x61\xe0\xc6\x14\xf4\xdc\x20\x07\xdb\x88\x81\x6c\x12\x70\xce"
	"\x7b\x5e\xd7\x1b\x30\x78\x40\x4d\x79\x26\x67\x72\xf1\xa0\x8e\xc5"
	"\x43\xe4\x19\xd9\x52\xec\xc4\x2b\xcf\xb8\xe6\xa1\xda\x60\xb0\xac"
	"\x1d\x23\xb2\x6d\xbc\xef\x8b\x49\x15\x04\xad\x67\x02\x44\x71\xee"
	"\xfb\xfe\xbc\x4b\xad\x41\x37\x74\x08\xe4\x13\x2a\xf7\xe5\x7c\xd3"
	"\x95\xa7\x09\x7a\x52\x88\x83\x04\x72\x6a\x1b\x76\x2e\x43\x59\x47"
	"\x0a\x82\xe5\x27\xbc\x62\x96\x89\x07\x80\x5c\x56\x8f\x80\xb8\x8c"
	"\x10\xc7\xc8\x11\xb2\x4f\x11\x23\xe8\x2b\x02\xcb\x43\x6c\x20\xba"
	"\xdc\x07\x12\x3c\x7f\x46\x73\xc4\x57\x74\x84\x49\x1d\x0c\x89\x3d"
	"\x28\xce\x12\x7a\x66\x05\x96\xb4\x76\xc4\x35\x39\x72\xe6\x5c\xdf"
	"\x27\xad\xd7\xdc\x98\x33\xa9\x6b\x56\x7a\x5e\x95\x93\xbd\x34\x22"
	"\xf5\x34\x5c\x88\xab\xb4\xac\xa3\x1b\x50\x11\x76\x02\x5c\x61\x0d"
	"\x2b\xf6\xde\x2e\x38\xb3\x44\xfc\x70\x83\x3e\x1f\x68\x71\x38\x7a"
	"\xa6\x0a\xe1\xeb\x45\x10\xb8\x31\xc0\x3d\x1d\xad\xf9\x89\x46\x48"
	"\x5b\x91\xe4\x7a\xba\x18\xc5\x82\x6f\xc4\x28\xd3\xf0\xf1\x23\xb5"
	"\xe2\x92\x8e\x19\xc4\x5d\x71\x6d\x1d\xa3\x6b\x55\x26\xbf\xd5\xce"
	"\x3c\xf5\x5b\x69\xd8\x63\x1a\xeb\x0d\xd6\x49\xac\x32\xd4\x65\x1a"
	"\x69\xdf\xe8\x7a\x4b\x8d\x70\x20\x85\x90\x01\xf6\x56\xda\x03\x24"
	"\xe1\x35\x6c\x6f\xae\x34\xcb\xdd\xd7\x14\xc6\x69\xcd\xc4\xd1\x2f"
	"\x0f\xf6\x15\xfe\xa9\x57\x1e\x4f\x6b\x84\xc6\xf8\x55\x35\xe4\x67"
	"\xe8\x83\x3b\x5f\xdf\xa1\x21\x48\xc2\xef\xb7\x48\xb0\x31\x13\x77"
	"\xbf\xbd\xbf\xbf\x0d\xb6\xbb\x01\x16\xfb\x31\x75\xb0\x08\x03\x34"
	"\x4a\x98\x01\x05\x3d\x75\x97\x23\xd9\x15\x0c\xe4\x51\x70\x37\xac"
	"\x8d\x59\xed\x85\x46\xc7\x30\x58\x04\xcb\xdb\x70\xa1\xff\x9b\xe1"
	"\x82\xbc\x2c\x68\xc7\xe2\x62\xbb\x44\x78\x22\x03\x7f\xd9\xc6\x4d"
	"\xbe\x0f\x82\xc5\x0d\xd0\x06\xe4\x0d\xd4\x4a\x7d\x8e\x5d\xdd\x06"
	"\x4e\x2e\x05\xa9\x10\xcf\x79\x1d\x77\x20\x79\xc5\x0f\xec\x86\x1a"
	"\x29\x6d\x98\x1f\xb4\x27\x19\xa2\x92\x9a\xc3\xfa\xb5\xe2\x47\xb7"
	"\xf1\x12\xf3\xe9\xd0\x71\xe9\xf1\x13\x6b\xf8\xd1\x8b\xdb\x97\x65"
	"\xc2\xfc\x8d\x3c\x88\xe3\x0d\xc9\x19\xa3\xc3\x58\xc6\x42\x2c\x05"
	"\x8f\x8e\xe3\x1b\x7e\xb9\x47\x92\xd4\x18\xad\x3b\x16\x9f\x6f\x18"
	"\x8d\x87\x26\x0d\x83\xd0\xbf\xae\x29\x76\x1a\x9a\x20\xff\x4c\x51"
	"\xa2\xca\x19\x8d\x36\x32\xc7\xde\xb2\x01\x08\xb6\x3e\x08\xb6\x37"
	"\x54\x29\x58\xfb\xf5\x2d\x93\x20\xcf\x79\x10\xac\xfc\x30\x9a\xa5"
	"\x84\x77\x39\xab\x6e\xc0\xe2\xc2\xbc\x31\x11\xf2\x76\x73\xcc\xba"
	"\x86\xfb\xbf\x9a\x15\xb4\x65\xfe\x2e\xcf\x1f\xee\x83\xd0\x8b\x12"
	"\xa2\x48\x0e\xa1\x83\xfd\xa3\x9c\x34\x5d\xda\xac\xdb\x85\xff\xd0"
	"\x90\x7f\xd7\x6c\x7f\x68\x6e\x83\x9e\x99\x7f\x92\xdd\xb8\x7b\x9f"
	"\x93\x46\x5a\xe2\xdd\x32\x7b\xa4\x2d\x4b\x99\x57\x25\x67\x0d\xbd"
	"\xad\xa5\xac\x09\x6f\x38\x1a\xc4\x20\xca\xdd\xa9\xbc\x05\x19\x2e"
	"\x16\xab\x1b\x71\xeb\x1b\x71\xfe\x75\x5d\xe7\x1d\x72\xdf\x62\x6c"
	"\x3a\x2c\xa3\x88\xf6\xdc\x84\xf1\x9b\xfa\x9b\x37\x41\xb8\x0c\x6f"
	"\x80\xe5\xe9\x2d\x8d\x3b\xd6\xab\xc5\x2d\xa8\x54\xb0\x7f\x78\x68"
	"\x52\x03\xdc\x6e\x37\xeb\x1b\x06\xa3\xe2\x9b\xf5\xe2\xde\xbf\x69"
	"\x7f\xa6\xcd\x26\x0c\xfd\xf3\xe5\x33\x2e\xc0\x18\x83\x56\x1e\xf2"
	"\x9e\xed\x58\xde\xd0\x8b\x7e\x08\x9c\xf2\xd2\xc6\x2e\xe1\xfe\x8f"
	"\x49\x8e\x82\x31\x05\xcd\x15\x70\xaa\xfe\xba\x29\x5c\xa2\x75\x97"
	"\xfb\x1d\xb9\x15\xbb\x07\xfd\x37\x1a\x99\x0c\xa9\xbc\x8b\x6f\x47"
	"\xdf\x07\x70\x77\xe7\x1f\x0d\x19\xab\xaa\xed\x3e\x37\xe7\x75\xe8"
	"\x9f\xae\x62\xae\xee\xe2\xe3\x76\x91\x76\x91\x47\x1d\x2b\x90\x41"
	"\x44\x76\x0b\x82\x31\xe5\x45\x79\x82\x5b\xff\xae\x68\x96\x9b\xf5"
	"\x0d\x63\x3c\x1c\x43\x9c\x07\x37\x9c\x6d\xd7\xef\xba\xdf\xac\x17"
	"\x9e\xb6\x5e\xe7\x46\xa3\x67\xd7\x44\x21\x7d\x4e\x18\xcf\x3c\x03"
	"\x20\xb7\x1a\xe1\xe3\x78\xf3\x42\x0c\xc7\x49\xca\x2d\xc0\xd1\xd4"
	"\xff\x86\xc6\x42\xb4\xbc\x49\xc8\x2b\xef\x33\x35\x98\x82\xf2\x9b"
	"\x9a\x52\x53\xa9\xaf\xbd\xdc\xd6\x18\x08\x66\x25\xab\xfe\x5f\x35"
	"\x07\xb2\xce\x16\x25\x08\xd0\xa8\x30\x38\xd9\x6e\x4d\x05\x19\x33"
	"\x1d\x83\x54\xa9\x90\xf7\x82\x55\xeb\xb8\xa1\x50\xa2\x59\x2c\xda"
	"\xe1\xb9\xca\x88\x72\x12\x20\x41\xe0\xfb\x6b\x99\x65\xbb\x10\xbb"
	"\x5e\x83\x69\x55\xfb\x1b\xa9\x7c\xbb\x5b\x05\x5d\x75\xae\x31\xd5"
	"\xe4\x88\x03\x43\xfe\x13\x8b\x6a\x24\x1a\x9d\xc2\x3d\x56\x45\xa5"
	"\x72\x54\x76\x7a\x48\x97\x9e\xd8\x30\xf0\x24\x9a\x76\x69\xdf\x61"
	"\x39\xd9\xae\x9c\x5f\xb4\xaf\x42\xe2\x24\x83\xef\x87\x10\x1e\xb0"
	"\xcb\xc0\x2b\x2a\xa1\x10\xa2\xb2\x76\x8e\x03\x93\xf9\xa5\x1a\x1a"
	"\xba\xef\x93\x78\x45\x8a\x1e\xe9\x02\xb6\xcd\xa7\x9d\xab\x7b\xa1"
	"\xc7\x72\xe2\xac\xe3\x42\xc9\x34\x73\xda\x04\x11\xe7\xc1\xc2\xf5"
	"\x96\x9a\xee\xe1\x02\x19\x02\x05\xc8\x51\x40\x47\xf1\x38\xdc\x76"
	"\x5a\x3a\xcf\xf5\x15\x71\xba\x5d\x23\x61\x19\x7b\xc4\x39\xf7\x0f"
	"\x11\x80\xe4\x44\xf3\x0d\x63\x5d\x36\xa4\xbe\x80\xbf\xb5\x6f\x34"
	"\x93\x36\x5b\x3a\xd7\x1d\xcb\xb9\x68\xfe\xd1\xd9\xb9\x04\x95\x87"
	"\xfb\x8b\x48\x99\x06\x0c\x16\x5c\x47\xea\x9a\xb8\x96\x53\x52\x9f"
	"\xc2\xcd\xa2\x1d\x56\x83\x0f\xb9\x59\xdf\x8c\xbc\x77\x22\xeb\x9c"
	"\xcd\x55\x19\x46\x2d\x52\x88\x34\x9c\x95\xab\xab\x18\x3a\xcd\x4d"
	"\x61\x87\x04\xc3\xb5\xe9\xe1\xe9\xed\xab\xcc\x5d\xc7\xfe\x59\xde"
	"\x0d\x31\xb5\xc7\x4b\xc0\xda\xbc\x52\x93\x05\xf0\x5f\x34\x4c\x8f"
	"\x42\x40\xfe\xbe\x07\x2c\x08\xb1\x44\x54\x31\xab\x78\x68\xbd\x78"
	"\x04\x72\xc6\xa2\xca\x34\x0e\x51\xe5\x35\x39\xbb\x5e\xab\x82\x59"
	"\x4d\x2a\x9e\xbe\x99\x87\x39\x16\xdf\xb2\xaf\xa6\x8e\x3d\x75\x90"
	"\x2a\x72\x03\xd4\x95\x23\xc7\xac\x6d\x50\xf9\x69\x4f\x72\x6a\x4d"
	"\x03\x11\xff\xfe\xf4\xf6\xf4\xe5\xe3\xf9\x4d\xcb\xf3\x32\x9c\x76"
	"\xa6\x17\xc4\xc9\x6a\x1f\x5e\xb0\x76\xb7\xed\xaa\xc6\x74\xd4\x54"
	"\x11\x98\x65\x31\xfa\x31\x82\x33\x2e\x54\xd0\xf6\x04\x8b\x8c\x5d"
	"\x94\x9f\x4b\x2c\x0a\x41\xb7\xe7\xf6\x5b\x2e\x99\xa6\x4e\xc8\x57"
	"\xd6\x3c\x93\x59\x02\x11\xfb\xc1\x3e\x07\x6c\x9c\xcc\x24\x85\xa7"
	"\x49\x92\x24\x15\x17\xfe\xf9\xed\xe5\xe9\x9b\xcd\xa4\xa5\xff\x86"
	"\x6d\x68\x9e\x5b\x2a\x53\xcf\xeb\x8f\x7f\x48\xc2\xbb\x7a\x5c\x46"
	"\xa7\xb3\x84\x3e\xec\xeb\x80\x69\xdd\x55\xd9\x22\x58\xb8\x7a\x6b"
	"\x44\x05\x2e\x94\xcc\xf0\x15\xcb\x6d\x48\xf0\x8d\x34\x67\x53\xcb"
	"\xfe\xe9\x03\x39\x69\x97\x68\x70\x60\x1d\xd2\xba\x20\x90\x56\x3b"
	"\x9b\xa8\x04\x4c\x44\xcf\x93\x4e\x1f\xfc\x84\x0c\xe3\xf0\x6a\x9e"
	"\xe3\x55\x42\x5a\xec\x3d\x2d\x98\xa5\xda\x81\xd4\xe1\xb1\x0b\xa7"
	"\xc8\x03\xc9\xd2\x4e\x26\x48\x65\x13\x0f\x78\x05\xe4\x71\x5c\x20"
	"\xae\x57\x23\x22\xd8\x30\x7e\xdf\x3a\x7b\xaa\xdf\x4c\x3e\x35\x64"
	"\x8f\xe6\x22\x37\xa1\x3e\x18\x4b\xdb\x4d\xbb\x71\x8e\x60\xef\xd8"
	"\x55\x71\x6f\x65\xa4\x8e\x5d\xe4\xba\x0a\x5d\xe4\x94\x67\x5d\x56"
	"\xf9\xde\x11\x83\xdb\x3a\x29\xc4\xb1\xc5\xf6\x2c\x16\x4b\xb1\x76"
	"\xa1\x21\xa0\x30\x96\xec\x50\xec\x51\x60\x7f\x5c\x34\x76\xd6\xe8"
	"\x70\x8a\xbb\x24\x46\x62\x75\x56\x39\x8c\x79\x91\x64\xf6\xdc\xb2"
	"\x67\x71\x28\x14\x89\x79\x1e\x8e\x85\xd2\x88\x53\x6c\xb6\xf6\xbc"
	"\x6a\x57\x18\x4c\x2e\xb5\x19\x5e\xf9\xe1\x2b\x75\x1e\xf0\x8d\x54"
	"\x15\xc4\xb6\x9a\xef\x43\x7d\x2c\xe9\x2f\x96\xed\x5a\x4b\x1f\x72"
	"\x76\x65\x59\x6d\x62\xf1\x6f\x95\x23\x09\x56\x4f\xe8\xd1\x2b\xe6"
	"\x4e\x76\x99\x0c\x40\x1f\x5f\xf3\xe9\x37\x2d\x1f\xd9\x50\x95\x90"
	"\x9d\xba\xf8\x40\x34\x17\x30\x59\x24\x8d\x6c\x8e\x3c\x32\x8b\xd3"
	"\x73\xd2\xe7\x2c\x1a\x22\xc7\x5f\xcd\x81\x45\xdf\x81\x11\x73\x7c"
	"\xaa\x6c\x96\x44\x40\x26\x09\xaf\xea\x6a\x12\x43\x53\x16\xb9\xb2"
	"\x33\x89\x07\xeb\x24\x9a\xa7\xba\x04\x7d\xdc\xdc\xf6\x4f\xcf\xdb"
	"\x2a\x7e\x74\xd2\x3e\x82\x15\x69\x69\x16\x83\x52\x94\x34\x93\x32"
	"\xd1\x0b\x46\xce\x4b\x28\xcc\xa5\xd7\x92\xf2\xe0\xfe\xf9\xed\xe3"
	"\xe5\x8f\x6f\xcf\x7f\x8a\xf1\x84\x97\xc7\xbf\xbf\xfc\x61\x3b\x26"
	"\xe0\x31\x52\x47\xea\xf4\x8f\xc1\x76\x89\x16\x48\xf0\x95\xfe\x0d"
	"\x0e\x6e\x7d\x04\x88\xff\x3a\x11\x59\x13\xaf\x96\x88\xe6\x7a\xc0"
	"\x54\x31\xd9\xad\x57\xc1\x0d\x98\x3f\xdd\x18\x56\xc4\x4d\x9d\x39"
	"\x31\x98\x3b\x3f\xd0\x13\x7a\x6b\x2d\x79\xd6\xc6\x55\x66\x9b\x50"
	"\x80\xe8\xd3\x1f\x03\x83\x60\x8e\x1a\xc9\xf6\x65\x74\x4d\x32\x0d"
	"\xa3\x35\x72\xb8\x90\x0d\x69\x92\x57\xa9\x8a\xef\x78\x0e\xe5\xbf"
	"\x43\x36\xa4\x6b\xfe\x54\x1b\x23\xa1\xaa\x67\xc1\x7a\xb9\x46\x5b"
	"\x2e\xe9\x9b\xa5\x9b\xde\x3a\xe8\x79\x72\xbf\xde\xb8\xc8\x10\x5b"
	"\x15\xa5\x33\xec\xbe\x48\x12\x39\xa6\xac\x10\xc4\x8a\xb1\x76\x85"
	"\x52\x0b\xa9\xc4\x0d\x51\x3a\x67\x7c\xbd\xde\xad\x5d\xf4\x0d\xe2"
	"\xde\xd8\x93\x77\x1b\x7c\x92\x9f\x10\x27\xbd\x9e\x36\xb9\xcc\xbd"
	"\x6e\x11\xff\x7e\xff\x78\xfe\x7e\xf7\x2b\x24\xf6\x55\xa3\x79\xf7"
	"\xd7\xef\x62\x98\xbf\xfd\xfb\xee\xf9\xfb\xaf\xcf\x5f\xbf\x3e\x7f"
	"\xbd\xfb\x67\x8f\xfa\x87\x60\x04\xbf\x88\x55\xfd\xb7\xe9\x80\xf7"
	"\x01\x42\xd1\xf7\xc7\x60\x47\xee\x5c\xc4\x09\xe5\x6c\x5f\xc8\xa4"
	"\xe1\xb6\x4c\x1f\x28\x16\xf1\x88\x03\x18\xcd\xe9\x29\x44\x56\xc6"
	"\xd4\x0a\x72\x28\xeb\x54\x44\x71\x56\x7c\xc2\x53\xf4\xca\xa1\x2e"
	"\x73\x92\xb0\x07\x94\x5e\xe2\xc6\x7d\x72\x1e\xc5\xc4\x95\xd0\x04"
	"\x20\xd2\xcb\x66\xca\x0e\x4a\x02\x92\x8c\x15\x68\xf5\xc3\xb2\x75"
	"\xcc\x9f\xbc\x41\xa2\x62\x03\xb9\x8f\xed\x81\x3f\xaf\xb8\xae\x79"
	"\xea\xbd\x3f\xc5\x01\xfe\x43\x88\x05\x02\xf3\x4f\xb5\x4d\x3c\x7d"
	"\x7d\xfa\xe3\x03\xdf\x1e\x12\x56\x82\xe7\xc5\x31\xc4\x1b\xd3\x67"
	"\xc1\x15\x12\x2e\x76\x85\x28\x3f\xb7\x8c\xca\x26\x3d\x7e\xfe\xdc"
	"\x95\x9c\xa5\xf8\x97\x91\x92\x77\xf4\x84\x4f\xa8\x86\x15\x17\x6b"
	"\xce\xb3\x12\x5c\xcd\xb4\x0f\xd3\x56\xc9\xf4\xa3\x78\x83\x5c\x2c"
	"\x48\x62\x46\x4e\xd4\x31\x9f\xc1\x6e\x1c\x4f\x05\x3a\x42\x60\xdb"
	"\xf6\x40\x22\xab\x67\x3d\x5b\xea\xc7\xfe\x52\x9c\x1d\x04\x32\x34"
	"\x1a\x93\x6c\x60\x53\x2b\x53\x00\xa9\x18\xea\x6b\x02\x34\x55\xd1"
	"\xf4\x09\xab\xec\x59\xb1\xbb\xfc\xe9\x1d\xe6\x45\x7c\x3d\x41\x12"
	"\x8b\x28\x0a\xc9\xc9\xa4\xac\x60\xe7\xa3\x81\xdc\xaa\x1c\x66\x2a"
	"\xa8\x1c\x0a\x73\x45\xe1\x01\xba\x6b\xdb\x52\x1f\x3e\x6c\x34\x28"
	"\x04\xdd\xd4\x80\x08\xf2\x03\x9a\x10\x51\xd0\x4b\x35\xf5\x50\xba"
	"\x10\x8f\x91\xeb\x27\x49\x6d\x49\x88\x09\x67\x82\x3c\x84\xe6\x40"
	"\x01\x93\x8d\x44\xa7\xd8\xf6\x1e\x20\x08\x91\x70\x2b\x0e\xa9\x05"
	"\xde\x28\xe7\x2e\x02\x80\x16\x82\xe1\xe1\xd4\xd9\x1e\x63\x90\x3f"
	"\x5f\x8a\xc7\xbc\xea\xf6\x8f\x93\x5e\x1d\x27\x58\xf5\xf6\xfa\xf1"
	"\xfa\xe5\xf5\x5b\x3f\xd3\x74\x2d\x5d\x25\xa7\xcc\xc4\xef\x03\x4a"
	"\x21\xe1\x33\xe4\xaf\x9e\x25\x50\x35\x3f\x2c\xa3\x9b\xb0\x5d\xa0"
	"\xf4\xd9\x12\x1f\x69\xb9\xb1\xba\x84\x98\x06\x2c\xbb\xf8\xbf\xe4"
	"\x82\x1d\xa4\x79\xba\xd7\x03\x67\xd6\xf0\x24\x86\xb6\x4a\xfc\x9c"
	"\xaf\x58\xc5\xc6\x55\xfc\xee\xcb\xb7\x17\x95\xfa\x73\xce\x97\xc3"
	"\x83\x71\xc6\x20\x6e\xf1\x83\x14\x08\xed\xfe\xb1\x57\x94\x54\x3f"
	"\xf9\x40\xd3\x05\x32\xb6\xe4\xb7\xe7\x1f\xcf\x6f\x4f\x1f\xaf\x6f"
	"\x73\x76\xb3\xa9\x44\x3b\x5f\xbf\xfc\xf7\x5c\x7e\x11\xa4\x2e\x58"
	"\x6f\xb7\xa2\xf6\x52\x1a\x65\xeb\x5e\x5d\x2a\x06\xd5\x1d\xb8\x0f"
	"\x15\xb4\x01\xc7\x53\x08\x0d\x73\xf5\x50\x84\x6b\x3c\xcd\xbd\xeb"
	"\xe9\xeb\xd7\x17\x70\xfa\x12\x47\x97\x7c\xdb\xfb\x7f\x6a\xef\x51"
	"\xbc\xb7\x16\x4d\x85\x15\x4a\xd4\xd1\x00\xe2\xaf\x6b\x01\x44\x86"
	"\xaf\x21\xb0\xf9\x48\xd0\xc4\x51\xd8\x99\x5d\xec\x7c\x4f\x03\xce"
	"\xd5\x49\xcf\xe3\x2a\x5c\xf2\xc5\xd6\x09\xe2\xe2\x3b\x91\xfb\xf9"
	"\x11\xd2\x06\xeb\x85\xcd\x05\x7d\x7c\x11\x37\x04\xf9\xb1\x7d\xd5"
	"\xe3\x76\xb1\x59\xb9\xbf\x01\x30\x5b\x37\x86\x55\x8f\xab\x45\xb0"
	"\xf3\x61\xbc\xef\x92\x98\x7b\x37\x46\x7c\xca\x76\x83\xe8\x93\x74"
	"\xcc\xce\x87\x81\xc8\x2b\xc1\xda\x5b\x4f\x7b\x43\x7b\x76\x88\xfb"
	"\x8c\x81\xd9\xdd\x50\xcf\xee\x96\x7a\xb6\x8e\x81\x96\x5b\xbd\xdc"
	"\x7a\x60\xdb\xb1\x8d\xb9\x42\xf0\x48\x21\xdc\xd3\x2a\xc9\xb7\xab"
	"\xb5\xe3\x6d\x0f\xa5\xe9\xf6\x3f\x94\x67\xac\x29\x9d\x35\x67\x64"
	"\x5f\x22\xb7\xbf\x03\x24\x12\xcc\x00\x71\x2f\x2f\x1e\x1f\x23\xe2"
	"\x70\xe3\x4a\xab\xf1\x4c\x97\x59\x4b\x9a\x5f\xc2\x85\x0b\x03\x0e"
	"\xb1\xe1\x72\xdc\x01\x44\x91\x11\x03\xaf\x2f\x18\x7d\xd7\xc5\x67"
	"\xe6\x42\xe8\x5e\x07\xe1\x80\x28\xd3\x41\x12\x99\x3c\xc2\xea\xc7"
	"\x69\xa0\x66\xb5\x8b\x4c\xb7\x53\xed\x39\x95\x16\x70\xd4\xc6\x3c"
	"\x7f\x7f\x7d\xfb\xf7\xdd\xf7\xa7\x3f\xfe\x10\x12\x9c\x7c\xcc\xc2"
	"\xb9\xca\xe7\xee\x57\xad\x0a\x31\x68\xbf\x6c\xa9\xc6\x3b\x23\x9c"
	"\x9e\x9c\x49\x15\xe1\xe4\xb4\x81\xff\x61\x37\x02\x12\x32\xee\x9f"
	"\x2e\xe9\x4f\x21\x6b\x94\xe9\x92\xf4\x43\x76\x4e\x70\x6a\x1e\x6d"
	"\x37\x1c\xb1\xdc\x52\x00\x71\xb0\x20\x22\x96\xba\xaf\xca\x16\x88"
	"\x15\xee\x30\x08\x31\x32\x53\x25\xbd\x85\x0f\x75\x90\xed\x42\x16"
	"\x48\xea\xf2\xab\x9f\xff\xfc\x43\x9c\x6f\xb6\x51\x74\xf9\x5d\xf6"
	"\x80\xc2\xf1\x59\xd2\x3f\x6e\xb1\xf0\x00\x42\x47\xc7\x49\xcd\xd8"
	"\xd2\x09\x80\x4b\x75\x07\xa0\xa9\x58\x1c\x6e\x5d\xb3\x44\xbc\x23"
	"\xdb\xac\xcd\x54\xee\x6a\xba\xa7\xc9\xbc\x83\x7a\xe5\x15\xf3\x75"
	"\x5d\xd4\x6c\x5b\x67\xbb\x59\x27\x13\x7f\x20\xbb\xf6\x00\xa2\x0a"
	"\x85\x24\x9a\x57\xf7\xfc\x49\xbc\x0c\x83\xd6\xca\xbb\x7a\x1a\x29"
	"\x56\x69\xb0\x59\x39\xc7\x07\xb2\x6e\xb6\xbe\x21\x76\xcc\xdd\x3c"
	"\x5e\x2e\xb7\x5b\x57\xf7\x33\x5e\x22\x39\x6f\xd5\xec\xad\x49\xb0"
	"\x5a\x2c\x91\xfb\x8f\x5e\xc5\x92\x9c\xe6\xca\x77\x10\xbe\x67\xdf"
	"\xaf\x3d\x28\xfe\x2c\xa4\x46\xa6\x77\x6c\x2d\x0d\x91\xf3\x6c\xff"
	"\x26\x65\xbc\x43\x4e\x36\x89\x58\xd1\xa4\x37\xb7\x71\x20\x5d\x8b"
	"\xbb\x08\x12\xfc\x36\x91\xa3\x6a\x85\x43\x77\xa3\x29\x08\xfe\x6c"
	"\xb0\xcb\x24\x1d\x9c\x23\xb7\x88\x3a\x46\x1e\xcb\x15\x76\x26\x6a"
	"\xc0\xac\x89\xc3\xdd\x3a\x74\xf7\xc1\x90\x3a\xd7\x5a\x83\xa5\xd9"
	"\x16\x94\xdc\xd8\x34\x06\x59\x23\xa9\x3d\x11\xab\x5e\x51\x55\x51"
	"\x99\xa6\x58\xda\x23\xc0\xd4\x54\xe6\xeb\x9e\x9a\x88\x1a\x95\x82"
	"\x1f\x74\x76\x99\xbf\x4c\x95\x3b\x6e\x52\x2a\x08\xbf\x0a\x50\x34"
	"\x0d\x1d\x9c\x4f\x24\x89\xbb\x88\x34\xe2\x38\xbc\x20\x71\x2b\x79"
	"\xe3\xa8\x06\x2e\x51\x20\x04\x2e\xec\xd6\xd8\x39\xd2\x57\xdf\x25"
	"\x3c\xbc\x47\x56\xa3\x01\xb9\xa1\x96\xd0\x09\xc9\xe8\x5e\x30\x33"
	"\xa7\xa5\x13\xc4\x23\xee\xfc\x22\x8c\x3e\xe4\x33\xc5\xe8\x43\xfd"
	"\xd1\x63\x88\xa6\x04\x1f\x30\xe0\xed\x71\xbf\x58\x2d\x6e\x01\x85"
	"\xce\xd6\x32\x5e\x01\xc8\x89\x11\x15\x6d\x77\x8b\xa5\x13\x93\x55"
	"\xdb\x7b\xc4\x8b\x66\x80\xa0\xfb\xc3\xf5\x3d\xb2\x87\xdc\xef\x69"
	"\xe2\xe5\x66\x1d\x38\x31\xc3\xd6\x28\x7b\x60\xb5\x41\x6e\x48\x06"
	"\xb4\xe2\xeb\xf3\x28\x72\xa2\xc4\xa8\xac\x82\x75\xeb\xc7\xec\x16"
	"\x5e\x4c\xb8\xbe\xf7\x62\xee\x91\x6b\x23\x0d\xb3\xde\x7a\xde\x25"
	"\x3e\x6a\xb9\xba\x77\xce\x91\x3d\x39\xee\xa9\xda\x1a\x57\xee\x4e"
	"\xad\x9b\xdd\x6a\xbd\xc6\xa3\x91\x35\xcf\x5f\x7e\xff\xf1\xfa\xed"
	"\xf5\xb7\x97\xe7\xf7\xbf\xdf\xb1\x1f\x5f\xfe\x53\x5a\x21\xfd\xf6"
	"\xfc\x26\x15\x11\xe9\xcf\xe7\x6f\x77\xfb\xa7\x9f\xbf\x3d\xdb\x54"
	"\x2e\xd2\xc6\x54\x34\x77\x8d\xc4\xce\x8d\x82\xe5\x6e\xd1\x37\xa5"
	"\xab\x20\x96\x47\xc5\x2f\x38\x76\xbd\x56\x6a\xa8\xa1\xf1\xf6\x88"
	"\x53\xf0\xce\xc7\xa2\x3c\x95\x6b\x9c\x9e\xca\x0d\x6f\xe5\xa8\x00"
	"\xc9\x51\x9e\x6d\x02\x2c\x8e\x99\xfa\x9c\xad\xad\x71\xa3\x2d\x41"
	"\x3e\x49\x84\x05\x05\x83\x7e\x7c\xa2\xcb\x54\xa6\x49\x4f\x1f\x42"
	"\xa6\xb1\x1b\x34\x29\x79\x8d\x24\xf7\x4b\xc4\x9f\x4b\x83\xac\x6e"
	"\x81\x6c\x3d\x90\x1c\xdc\x56\x6f\xc0\xac\xff\x3f\x69\x57\xb2\x1c"
	"\x37\xce\xa4\x5f\x45\xc7\xee\x88\x9e\x68\xee\xcb\xa1\x0f\xe0\x56"
	"\x45\x8b\x9b\x08\x90\x45\xf9\x52\xa1\x96\xca\xdd\x8a\xb0\x24\x87"
	"\x64\xcf\xf8\x7f\xfb\x41\x82\x64\x15\xc9\x62\x02\xf4\xcc\xc1\x92"
	"\x85\xfc\x00\x24\xf6\x04\x98\xcb\x06\x8c\xb3\x01\xe3\xab\x31\xa6"
	"\x92\x1f\xdf\xb0\x34\x05\x86\xf1\x1e\x54\x63\xac\x4d\x18\x5d\x8d"
	"\x71\x0c\x35\xc6\xdd\x50\x97\xab\xe8\x67\x1a\xba\x8e\x6a\xbc\x68"
	"\x15\x23\xee\x50\xce\x10\xd6\x55\xf2\x42\x22\xea\x18\x9a\x02\xa1"
	"\xab\x38\x49\xed\x5b\x50\x99\x93\x62\x12\x57\xf7\x34\x3b\x51\x62"
	"\x3c\x23\xd9\x29\x40\xb6\xe9\xda\x54\x8e\x61\x94\xc5\x0d\x23\x58"
	"\x00\xe8\x11\xb7\xcb\x6c\xdd\x43\xb5\xe2\xce\x18\x43\x53\x61\x5c"
	"\x47\x23\x2a\x84\x7c\xe6\x0c\x1f\x78\x0b\x29\x68\x9f\xee\x1d\xdd"
	"\x94\x8f\x57\x0a\xaf\x0c\x07\x2c\xba\xef\x19\xc5\x3c\x57\x0a\xf8"
	"\x14\x5a\x72\x86\xb9\x18\x59\xeb\x86\x62\xf2\x64\x69\x11\x13\x44"
	"\x7f\xe6\x8c\x11\x07\x9d\xad\xc6\xf8\x9a\x0a\xc3\xa5\x01\x5d\x89"
	"\x31\x74\x5b\x8d\x31\x0c\x35\xc6\xda\x50\x8e\xa3\x6d\xc0\xc8\x79"
	"\x16\x56\xc4\xba\x1a\xe3\x68\x8e\xad\x06\xe9\xbe\x1a\xe3\x78\x4a"
	"\x8c\xef\xaa\x20\xa6\xee\x2a\x3a\x91\x83\x1c\xd5\xd6\x22\x30\xa6"
	"\xaf\xc6\x58\x1b\xea\xb2\x35\x35\x66\x53\xc3\x14\x33\x31\x0f\x2b"
	"\x53\x75\xda\xb2\x10\xb3\xe5\xbc\x9c\x13\x21\xaa\xde\x3a\xcc\x9e"
	"\xdc\x31\x15\x00\xc5\x59\xc4\x01\xca\x12\x6c\x15\xc0\x55\x01\x3c"
	"\x05\xc0\x53\x31\xe9\xa9\x98\xf4\x54\x4c\x7a\x2a\x26\x55\x9b\x0b"
	"\x97\x45\x54\x00\x15\x93\xbe\x6d\x98\x96\x1a\x63\xe9\x1b\x30\xf2"
	"\xf6\x56\xa1\xe7\x9a\x8a\xad\x07\x30\x96\x21\xef\x96\x82\x81\xea"
	"\x4d\x5c\xe7\x29\x65\xa8\xe6\xf0\x00\x0d\x19\xdf\x37\x4c\x25\xc6"
	"\x55\xcc\x27\x8e\x71\x3d\xcd\x50\x62\x7c\x4d\xde\x95\x45\x25\x82"
	"\xe2\x28\xba\x20\xf1\x6c\x1f\x79\x9f\xcb\x31\x45\xe8\x73\xee\x43"
	"\xae\x3c\xb0\xe9\x9e\x29\x4e\x1b\x8e\x50\xec\x14\x1c\x61\xfe\x54"
	"\x21\x42\x45\x19\x12\xed\xbe\xb3\xa0\x97\xc7\xba\x6b\xca\x27\x44"
	"\x9c\x87\x92\x37\xd4\x33\xc6\xd0\xd5\x18\xe7\x60\x68\x0a\xa6\x73"
	"\x1a\x5a\x6e\xbe\x0d\xa4\x58\x9e\x3d\x2c\x30\x15\xdb\x3b\x0d\xf7"
	"\xb6\x63\x6c\xc0\x98\xf2\x3b\x10\x65\x8c\xba\xb6\x8a\xf3\xdc\x71"
	"\x54\xd7\xad\x50\x37\xbc\xc8\x53\xde\xee\xa8\xae\xe9\xaa\xa2\xa8"
	"\xeb\x19\x9e\x1a\xe3\x2a\x6e\x1d\x7c\xe4\x3c\xd5\x7d\xa0\x20\x86"
	"\xe6\x2b\x21\x8a\xd5\xc9\x21\xa6\xa1\x3c\x45\x5d\xf9\x36\xc0\xf6"
	"\x79\xa8\x38\xf6\x59\x5e\xe9\x8a\x0d\x47\x40\x4c\x35\xc4\x53\x41"
	"\x2c\xc5\x94\x07\x88\xa2\xc9\x6d\x4a\x1c\xcf\x91\xdf\x36\x5a\xa6"
	"\x1b\x0a\x89\xb1\x65\x10\x61\x43\x0a\x39\x78\xa6\xeb\x9a\x3b\x25"
	"\xc6\xd3\x23\x25\xc6\xdf\x82\x31\x36\x60\x4c\x35\xc4\x56\x41\x32"
	"\xd7\xb3\x19\xdd\x80\x72\x0a\x65\xeb\xf9\x6e\xb1\x4f\x36\x80\xe2"
	"\x39\x6a\xb9\x17\xc4\xd3\x83\x76\x62\x9b\x0f\x69\x64\xe6\xbe\x75"
	"\x48\x02\x1d\x00\x96\xd2\xa5\x09\xea\x02\x14\xe7\xbd\xdb\xf2\xfb"
	"\xf3\x17\x8c\x63\x14\x67\xe4\xfe\x98\xd3\xbf\xb4\x25\x78\x7c\xe1"
	"\x5a\x24\x97\xc9\x75\xda\xa1\x4e\x85\x4b\x38\x88\x9a\x57\xd1\x6b"
	"\x7a\x14\xf7\xba\xca\xbb\xb2\x85\x40\x5a\xd5\xf1\x90\xd2\x78\xad"
	"\x15\x53\x60\x42\xd2\x9a\x9f\x65\x98\x46\xe3\x5a\x16\xb0\xc3\xec"
	"\x7d\x19\x6e\xce\x32\x7c\x78\x03\xef\xe6\x04\x13\x6a\xc6\x7c\x38"
	"\x57\x2b\x40\x69\x3b\x01\x00\xea\x9e\xc7\xa5\xce\xe7\x0a\xee\xd2"
	"\xa8\xeb\x8e\x05\x3a\x84\x0a\x10\xda\x1a\x14\xab\x49\xd2\xc6\xf1"
	"\x05\xb9\x6a\xd6\x26\x97\xd0\x5c\x1b\x09\x2b\xd9\xa2\xb8\x4d\xea"
	"\xf8\x4e\x36\x2f\xe5\xde\xd3\xef\xca\x3a\xbd\x5b\xab\x40\x3c\x8f"
	"\x92\xb0\x4a\x6f\xd2\x82\x99\x96\xd6\x81\x1a\xdc\xfb\xcb\xcc\x20"
	"\x74\x1a\xe3\x41\xa8\x05\xb1\x38\xaf\x78\x33\x49\x3d\xfb\x3c\x38"
	"\xfd\x1a\x86\x37\x65\xe4\x97\xc1\x1a\x1c\x15\x53\xce\x2f\xe7\xd7"
	"\x95\x2f\x02\x50\x40\xae\x95\x52\xc1\xf7\x82\xa8\x77\xe2\x95\x04"
	"\xd2\xc0\xef\x3e\x78\xa8\xe9\x17\xfc\x9c\x26\x3c\xc3\xaf\xa4\x07"
	"\x61\x26\xd4\x9a\xec\xeb\x64\xb0\x81\xef\xed\xcf\xae\x8b\x0a\xcb"
	"\x12\xcc\x2a\xaf\x62\x86\x02\x7d\x6c\x74\x3f\x7d\x8e\x51\xd8\xd2"
	"\x79\xa4\x13\xce\x7d\x59\x81\xfd\xcf\xa2\x18\x24\x00\xdf\xe8\xe8"
	"\x00\x07\x4f\x4a\x86\x39\x97\x42\x8c\x62\x11\x9e\x63\xc1\xe4\x8c"
	"\x87\x2c\xdf\x0b\x74\x1b\x45\xdb\x8a\x1e\xda\x93\x42\x37\xf2\xc2"
	"\x23\x5a\x2d\x8b\x0c\xbb\x63\x5a\xc5\xe4\x56\x5d\x1e\xec\xc5\x71"
	"\xc7\xce\x7d\xc5\x37\xc5\x74\xb6\x29\x1f\x08\x0b\xf7\xd1\xd4\x8b"
	"\xfa\x98\x72\x65\x79\x7b\x26\x14\xe5\x81\xdc\x97\xcd\xda\x77\xea"
	"\x33\xa6\xb7\x90\x3c\x8a\xaf\xc8\x7d\xe8\xaf\x68\xb5\x2c\xa1\x4a"
	"\x75\xb5\x76\x0e\x0f\xdf\x1f\xff\x7d\x7a\xfb\x07\xf5\x9f\x4e\xcb"
	"\x84\x4d\x79\x9f\x6b\x47\x8c\x04\x59\xb0\x42\x29\xe6\x73\x9a\xd6"
	"\xf0\x79\x47\x0a\x12\x96\xd2\x95\xa7\xd9\x1b\x60\x01\x25\x72\xd4"
	"\xa0\x21\x2f\x07\x45\x07\x39\x1d\x1e\x7d\xcc\x4e\xd1\x36\xb1\xe4"
	"\x0f\xd1\xba\x72\x04\xe1\x93\xcf\xe5\xf2\x37\x0a\x48\x1d\x53\xd3"
	"\x62\x1a\xa0\x80\x1c\x5c\x80\x1a\x57\x05\x8c\x1a\x42\xff\xf5\xf7"
	"\xc3\xc7\xe9\xe9\x32\xc0\xe1\xc3\xfb\xd3\x6c\x47\x02\x4f\x0c\xa1"
	"\xb4\x01\xbc\xe4\x85\x35\xd2\xa8\xd9\xa2\x2c\x9c\x63\xd6\x0b\x9f"
	"\xcf\xba\xea\xfd\xf4\xfd\xf9\xe5\xf4\xf6\xe3\xfb\xcd\xee\x8d\x4f"
	"\xbc\xd7\xb7\x65\x58\x8a\x61\xf6\x56\x75\x0c\x4a\xcf\x65\x23\x8e"
	"\xe3\xb5\xf5\x07\xbe\x68\x4b\x4a\xd3\x3e\xf6\xdd\x45\x9e\xa2\x6b"
	"\x1e\xac\x82\x30\x27\xab\x70\x20\x5c\x6b\x62\x81\x19\xe8\x97\x1f"
	"\xaf\x8f\xa0\x5b\x7d\x1d\xce\x77\x1c\x8f\x24\xba\x5a\xc9\x90\x46"
	"\x42\xe6\xf9\x96\xbd\x2e\x7b\x0b\x00\x35\x5d\x44\xee\x1e\xc9\xc8"
	"\x9b\x68\xaf\x57\x0f\x5a\x72\xc8\x8b\xba\xc8\x4f\x98\xe1\xb9\x1a"
	"\x6e\x8d\x23\x40\xc2\xb5\x51\x92\xc5\xdd\xc2\xb8\x79\x05\xb5\xcf"
	"\x42\xc4\xe5\x2d\x60\x78\x0f\xda\xbe\x86\xdc\xd2\x04\x20\xf2\x6d"
	"\x57\xcf\x0f\x2d\x5e\x4d\x57\x19\x1a\xee\xee\x50\x74\x74\x0d\x06"
	"\x50\x38\x3d\xe7\xab\x1c\xd1\xee\x14\x9d\x16\x11\x5f\x33\x71\x1e"
	"\x81\x6c\x1b\xa8\xa5\xcb\x04\x22\x63\x52\x40\x6c\x29\x19\xf9\xbe"
	"\x73\x26\x9b\x32\x32\xe6\x63\x4a\x90\xb3\x02\x2f\x3a\x0f\x75\x13"
	"\x3c\x46\xc9\xda\x37\x62\x64\x0d\xdc\xa7\x0e\xbf\x78\xe2\x5a\xd4"
	"\x7b\x06\x76\x6f\x34\x0d\x4d\x94\xcc\x8b\x5f\x58\xfb\x5e\x9c\x94"
	"\x54\x9c\x8c\x98\xae\x02\x0d\x33\x6b\x05\xce\x3e\x91\xe2\xf3\x31"
	"\xcc\xcb\x08\x8b\x45\xce\x31\xb7\x5c\x0e\x44\xaa\x06\xb2\xe7\x55"
	"\xb9\xa7\x69\x0a\xba\x2d\xa7\x3b\x5a\x27\x99\xa3\x9d\x6e\xd9\xf3"
	"\x87\xf0\x39\xd9\x75\x5d\xcd\x5e\xee\x27\x22\xdd\x91\x2c\xf8\x1e"
	"\xe0\x39\x0a\x80\x6f\xca\x01\x9e\x25\x05\x78\x3e\xe2\x92\xf3\x4c"
	"\x37\x6c\x39\xdd\x57\xe4\xf7\x3d\x9c\xce\x1c\x53\x96\x3d\x2e\x12"
	"\x43\x0f\xf2\xf5\x59\x19\x7f\x16\x36\xef\x15\xbe\xb9\x48\xa9\x2d"
	"\x97\x08\x6b\xe1\x64\x00\x85\xf0\xc3\xaa\x41\x89\x55\x98\xd8\x7c"
	"\x61\x9b\xc8\xb0\x0b\x5b\xd1\x85\xe1\x02\xa4\x0b\x69\xa2\xae\x72"
	"\x24\xdb\xaa\xc1\x83\xe0\xe5\x5a\x3f\x77\x4e\x67\xb6\x66\xe2\x23"
	"\x5d\x87\x36\xb3\x3d\x09\xfd\xd6\xd3\xf0\x71\xaa\x0b\x9b\x39\x3a"
	"\x4e\xef\x15\x61\x57\x2f\xc9\x82\x6c\xe4\x55\xa0\x19\xcb\x26\xd1"
	"\xd4\x72\x9d\x4e\x7e\xa0\xd1\xdc\xd6\xf0\x33\x95\xde\xde\x7b\x7c"
	"\xed\x19\x92\xec\x88\x1d\x18\x09\x3a\x5b\x53\x1c\xa6\x94\xe5\x15"
	"\xda\xa4\x2b\xc5\x51\x48\x85\x1b\x54\x6e\x9a\x76\x07\xce\x6e\x89"
	"\xe4\x74\xcd\x2a\xd3\x97\xac\x4b\xd0\xdd\xf3\xf0\xee\x16\x97\x24"
	"\xc9\xcc\x24\x59\x8e\x84\xf8\x04\xf7\xb0\xba\x86\x68\xcd\xf5\xbe"
	"\x63\x31\xdf\xee\x32\xc7\xb2\x82\x29\x01\x90\x6c\x57\x3d\xc0\xd7"
	"\xe4\x00\x43\x77\xa5\xed\xe6\x3d\x23\x39\xf0\x07\x84\xed\xd8\xaa"
	"\x5a\x3c\x39\xc0\x73\x14\x2d\xf5\x75\x4d\x05\x90\x4b\x15\x67\x90"
	"\xec\xf4\xe6\x20\x7e\x76\x21\x4f\xb5\xec\x90\x59\x9a\x29\x99\xc4"
	"\x1c\xe0\x68\x96\x62\x96\x1f\x32\xdd\x70\x4d\x39\x26\xcb\x4d\x5b"
	"\xb2\xb9\xb0\xd0\xb4\x3d\x1f\xef\xb0\xb6\xf3\x24\xf2\x13\xa9\xd3"
	"\xcf\x65\x41\xa4\x9d\x35\x62\x64\x7d\x75\xc8\x3d\x4b\x72\xce\x73"
	"\xb2\xa9\xcb\xe5\xa0\x01\xa2\xa8\xc4\xb4\x35\x55\x29\x0b\x0b\xb9"
	"\xe9\x99\x44\x4d\x3b\xb3\xf4\xe5\xc6\x31\x24\x23\x0e\x68\xa7\x88"
	"\x85\x2f\x5b\xb1\x3b\x0b\xdf\xcb\x91\xab\x2f\x6c\x45\x96\x0f\x35"
	"\xd3\x7c\x97\xd7\x1b\xcc\x86\xfe\x82\x48\xd2\x2e\xe6\x83\x58\x66"
	"\x8c\xec\xe2\xf5\x42\xc6\x17\x2e\xf0\x02\xd6\x60\x06\xba\x17\x38"
	"\x3c\x72\x8a\x37\xce\xd5\x0c\x57\xf0\xaa\x2e\xbb\xfb\x33\x74\x9d"
	"\x03\x2e\xa6\xed\xb0\x45\x7b\x41\xc1\x25\xce\x43\x36\x87\x09\x2a"
	"\xb2\x4d\x44\x6a\x99\x80\x0a\xfe\xab\x52\x80\xb8\x74\x6f\x20\x1b"
	"\xc5\x02\xa4\x2b\x40\x09\x29\x6c\xd3\xb6\x55\xac\xa3\x2a\xdd\x17"
	"\x48\x4a\x33\xdf\xd4\x6c\x35\xca\x31\x5c\x9d\x28\x60\x70\x90\xb9"
	"\xfa\x16\x90\xa1\x04\x79\xae\xd1\x6d\x00\x29\xfb\x20\xeb\xf7\xa3"
	"\x0d\x28\xc7\x75\x14\x28\x10\xee\x6d\x6f\x03\xca\x73\x2c\x7f\x0b"
	"\xca\xd1\x36\xa0\x7c\xdb\xd8\x82\x42\xd4\x77\x26\x28\x2e\x5f\x2b"
	"\x67\x56\x95\x34\x9f\x63\xcc\x33\xe1\x04\xd6\x7a\x9e\xe6\x6c\x42"
	"\x79\x9b\x50\xbe\x12\x75\xc8\x15\x88\x51\x98\xde\x6f\xc1\x81\x68"
	"\x2d\xdd\x66\x84\xfa\x38\xc9\xcb\xc5\xd3\xeb\x02\x90\x91\x20\x0d"
	"\x02\x75\x41\x59\x18\x05\x92\x62\xa0\x96\xb5\x52\xa2\xba\x1d\x83"
	"\xeb\x5d\xdd\x03\x2e\x45\x50\x23\x2a\xa9\x66\x4a\xb9\xb8\x48\xdd"
	"\x08\xc9\xc4\xca\x26\x41\xb0\x1a\x2c\x7d\x59\xbf\xbd\x5e\x36\x90"
	"\x1c\xa4\x6c\x2e\xaf\x6b\x8e\x6a\x53\xe1\x52\x8f\xad\x3b\xa6\xa1"
	"\x86\x39\x86\xa9\x9c\x92\xbd\xdc\x69\x98\x9b\x60\x6e\xb7\x05\xa6"
	"\x6f\xe2\xcd\x36\x2c\x55\x69\xed\xd2\xf1\xc2\x15\xa2\x8e\x93\xdd"
	"\x34\x94\xd6\x84\xc2\xe7\xfd\xea\x00\xb0\x06\x99\x78\xe2\x21\x04"
	"\x39\xd7\xf0\x0b\x5c\x1c\xa5\x64\x8c\xe1\x39\xf3\xa8\xf7\x72\x7a"
	"\x7a\x7e\xb8\x79\x7c\x7b\x5f\x09\xe5\xdb\xe7\x0a\x49\x0e\x8e\x35"
	"\x2f\x99\x27\xaf\xde\x40\xef\xc3\x14\x1e\x59\x3b\x42\x90\x17\x72"
	"\xc0\x82\x0f\x4b\x06\x9f\xec\x56\xc1\x33\x68\x4d\xc0\xda\x15\xad"
	"\x95\x46\xf5\x86\xfa\x42\x08\x79\xab\xa8\x68\x88\xd9\x9e\x4d\xbf"
	"\xc4\xb5\x69\x14\x83\xf7\xf3\x76\x99\xd4\x5a\x99\x01\x41\x1e\xc0"
	"\xcf\x26\xa9\xd2\x35\xf2\x32\x8d\x44\xed\xd9\xd7\xca\x8c\xd0\x8b"
	"\x64\x79\x5a\xc0\x3c\x20\xc5\x2e\x9e\x7c\x86\x17\xf5\xe4\x71\x6e"
	"\x40\x30\xef\x9e\x8f\xc1\xee\x1e\x86\xeb\xfa\xbd\x5b\xb4\x04\xe2"
	"\xcd\x2c\xc6\xf8\x70\xfa\xfb\xf1\xe1\xe5\xda\x5f\x31\x40\x7b\x2e"
	"\xc2\x8c\xd0\x49\xc5\x0b\xc2\x22\xa2\xf1\x04\xb4\xa3\x55\x48\xfe"
	"\x7a\x99\xc7\x2f\xcf\x6d\xcc\x7b\x8f\xe0\x8d\xb5\x9a\x83\xbc\x46"
	"\x8b\x22\x33\x0f\xd9\x08\xce\x15\x82\x1f\x86\x3b\x05\x44\x78\x4c"
	"\x55\x61\xaa\x94\xe8\x0a\x4c\xc4\x42\x8a\x3d\xc7\x5c\x50\x31\x2b"
	"\x73\xaa\xc0\x24\x69\x11\x57\xa9\x8a\xa7\x4f\x31\x7c\xa4\xfb\xa4"
	"\x42\x65\x10\xa8\x27\x08\x23\x05\xee\x36\x05\x93\x66\x15\xa8\x2c"
	"\xd2\x90\x28\x40\x39\xa9\x55\x0d\xcc\x6b\x1f\xac\x78\x54\x25\x15"
	"\x07\x4f\x53\xf5\x42\xd9\xda\x88\x86\xfb\x0c\x83\xe8\xe1\x2e\x30"
	"\x47\x55\x49\xfc\xfe\x62\x20\x6f\xa7\x33\x90\x6b\x4a\xe6\xf5\x04"
	"\xa5\xab\x26\x15\x8d\x31\x0d\xb2\x09\xa6\xf0\x39\x57\x88\xaa\xdf"
	"\x12\xa6\xea\x4f\xca\x87\xb8\x0b\xb6\x80\x54\x33\x0f\x7e\xd8\x9a"
	"\xb6\x09\xa5\x6f\x42\xd9\x9b\x50\xce\x26\x94\xb7\x05\xe5\x6c\xe1"
	"\x4b\xb7\xd5\x5d\x7f\xe7\xab\x99\x07\x4c\xa8\x06\x99\xea\x21\x64"
	"\xb7\x9a\x6e\xa9\x41\xba\x6e\x2a\x99\x82\x2d\xd8\x53\x8e\x61\x53"
	"\x54\x59\xa3\x5a\xf4\xcc\xd1\x55\x9b\x23\xbf\x5c\x23\x51\x1e\xa7"
	"\x98\x06\x42\xa4\xaa\x50\xad\x67\x9b\xaa\x25\xd8\x86\x1a\xe6\x43"
	"\x64\x02\xe2\x3b\x5e\xae\xc0\x74\x69\x2d\xa2\xb7\x87\xa9\x6a\x07"
	"\xfd\x1c\x9a\x92\x13\xad\x3a\xac\x4f\x80\xe1\x84\xe5\x87\x10\xde"
	"\xa4\xcf\xb5\xe9\x58\x92\xb2\xf9\x80\x1f\xe2\x40\xd6\x16\x6a\x18"
	"\xc8\x3d\xbb\xaf\x9f\x63\x58\x7b\xad\x10\x20\x44\x86\x3f\x6e\x38"
	"\xe9\xb7\x87\xd7\x87\xaf\x6f\xff\xfc\xf9\xf4\xfc\xcf\xf3\xf7\x87"
	"\xaf\xbf\x0b\x47\x1a\x2b\xce\xb4\xfb\xe2\xb8\xb4\x82\x39\x3a\xe9"
	"\xe5\x13\xf0\x74\x82\x4b\x63\x5c\xe4\x39\xbb\xe7\x19\x54\xa3\x66"
	"\xaa\x4d\x43\x9f\x91\x24\x3e\x86\x61\x2a\xed\x57\x89\xe3\xc5\x1e"
	"\x81\xb9\x73\xee\xa9\xe2\xa6\xc9\x3b\x96\x22\x1a\xa6\x65\x38\x08"
	"\xc5\x92\x32\xae\x3d\xed\x9c\x1d\xf1\xf1\x63\xb9\x1e\xc5\xea\x8b"
	"\x4c\x05\xbe\xf9\xc2\xb6\x5a\x88\x90\x90\xca\x25\xb0\x79\xc2\x2e"
	"\x2b\x03\xd0\x44\xbb\x2f\xba\x2b\xb5\xb7\x15\x83\xf1\xe8\xf4\xf2"
	"\xe3\xe7\xa8\x2a\xf1\xf8\xf6\xfa\xe5\xf9\x9f\xe9\xe0\x31\x5a\x21"
	"\x5e\x1c\x87\x1b\x6c\x99\x82\x41\x54\xd3\x87\x39\x57\x22\x19\x01"
	"\xff\x19\xa3\x54\xad\x84\xd7\x0d\x44\x6a\xa0\x96\x14\x48\x83\x54"
	"\x4a\x27\x10\x8c\xb8\xc1\xfc\x68\x2e\x40\x10\xbb\x20\x5b\x3a\x63"
	"\x5c\x60\xeb\x98\xd4\x22\x20\xdd\x4c\x7d\x65\x4a\x04\xb5\xd9\x4c"
	"\x5e\x61\x52\x97\xe0\xb6\xbf\x21\xd9\x06\x18\xf6\x0c\xb9\x44\x25"
	"\x52\x54\xcf\x1a\x02\x1a\x2e\x72\x24\x82\xb8\x37\x6d\x0c\xd1\x45"
	"\xd3\x6d\x9c\x1d\xe3\x98\xef\xe3\x6b\x9f\x3b\xc7\xcb\x21\x28\xb4"
	"\x1d\xdb\xc9\xc4\x9d\x97\xd1\xe7\x5f\xeb\x4c\x1a\x87\x30\x26\x92"
	"\xf5\x34\x54\x01\x21\x83\x41\x5b\x64\xc9\xf5\x6a\x0f\xc4\xa0\x85"
	"\x97\x16\xc5\x22\x38\xc5\x50\x54\x02\xb6\x32\x35\xc9\x71\x97\x9c"
	"\x0d\x1d\x59\x82\x08\x04\x01\x3c\xe9\x10\xb6\xce\x9e\x08\x98\x76"
	"\xe4\x8d\xa8\xc1\x1f\xe5\x27\x52\x21\x06\x45\x63\x4f\xd1\xbc\x77"
	"\x1f\x5d\xb4\x32\x58\xc2\xd9\xe3\x2c\xc0\xfc\x09\x76\x92\x7e\x67"
	"\xbc\xbd\x39\x28\x85\x87\xfb\x58\x78\xac\xbc\x7c\x59\x17\x5d\x7e"
	"\x14\x4e\xc3\x8f\x51\x79\x28\xe4\x8b\x23\x64\x4d\xff\x22\x7e\xeb"
	"\x9a\x98\x3d\xe0\xb4\x8b\x83\xf2\x36\x5e\x8b\x13\x07\x31\xd8\x7b"
	"\xb5\x1e\x78\x21\x5b\x1b\xf1\x73\x55\xd1\xc1\xc7\xbe\x57\x5f\x8f"
	"\x26\x8b\x19\xe6\xb1\x77\x59\x6e\x55\xc7\x2d\x8c\x05\xdd\x93\xdb"
	"\x54\xaa\xff\x0f\xca\x01\x1c\xb9\x50\x75\xc6\xca\x05\xf5\xcb\x8c"
	"\x14\xd1\x62\x52\x4d\x1e\x06\xc4\x7f\x83\x26\x31\xf0\x2f\x71\x70"
	"\xca\x9d\xef\xf5\xfd\x21\x87\xe2\x84\xb3\x9f\x15\xd0\xff\x71\xc7"
	"\xff\xff\x64\x1b\x22\x57\x9c\x9e\x6e\xf2\x3c\xfc\x93\x82\x2a\xcf"
	"\xe0\x86\x7b\xf2\xa8\xd0\x3f\xd9\x88\xfd\x65\x71\x76\x0f\x8f\x39"
	"\xa9\xe5\x22\xc2\xee\x05\x20\x91\x29\xf3\xda\x93\x5c\x3f\x22\x1a"
	"\xd4\x92\xb2\x73\xc2\x85\x3a\x82\xe9\x20\x0d\xf5\xef\x49\x7d\xab"
	"\xa2\xe3\x12\xdb\x6d\x8c\x39\xdf\x03\x6a\x4d\x20\xfa\x5d\x81\x8b"
	"\xc3\x39\xf1\x91\x7b\x53\x5f\x3b\x8b\x89\xed\x22\x3e\xda\x06\xfe"
	"\x08\x71\x5d\xcd\xd9\x4b\x0b\x49\x1c\x0f\xd1\x74\xeb\x11\xfd\xb7"
	"\xe4\xab\xf9\xc6\x4e\x3f\x1f\x3e\xf8\x3c\xf9\xf8\xfe\xfe\xe3\x45"
	"\x38\xf9\x05\xa0\xf7\xf3\x26\xc9\x87\xf7\xa8\x9b\xdf\xf8\x6e\x2a"
	"\x94\x51\xaf\x3c\xf8\xd7\x2c\x74\x0c\xc3\xe1\x92\x15\xb2\xc7\xdf"
	"\xf3\x45\x4b\xe9\x31\x49\xeb\xfc\xb0\x6e\xa8\x31\x5f\x5b\x8b\xb7"
	"\x34\x91\xbe\xf2\xf8\x26\xd2\xf9\x52\x2b\xa7\x26\x2e\x93\x1c\xb9"
	"\xb0\xb0\x98\x3f\xae\x3d\xbc\x3e\x3e\x7f\xfd\xfa\xf0\xfe\x9f\x4b"
	"\xc4\x82\xef\x3f\x5e\xf9\xef\x3f\x38\x3b\xaf\x1f\x6f\xf0\x9f\x67"
	"\xe3\x91\xff\xf5\xed\xf9\x8f\x9b\x2f\xef\x6f\xaf\xdf\x4f\xaf\x4f"
	"\x1f\xbf\x2f\x5f\xe3\xe0\x95\xb0\x6e\x45\x78\x0c\xca\x77\xb0\x70"
	"\x12\xef\x64\x78\x38\x65\x8c\x88\x88\xa2\xbd\xe5\xc4\x8f\xa7\xe7"
	"\x37\xbe\xf8\x1e\xdf\x9e\x44\x5d\xdf\xde\xdf\xb8\x94\x0d\xd5\x09"
	"\x4f\x3f\x2f\xcf\x3f\x27\x5e\x07\xeb\x88\x9e\xa1\x63\x5a\xfb\xfc"
	"\x74\x7a\x43\x52\xa1\x84\x87\x59\x05\x73\xfa\xe9\x75\x9e\x1a\x3e"
	"\xbc\x9c\xde\x1f\x86\xf6\x4e\x24\x7e\x41\x4c\xbe\x3e\x7c\xfc\xbb"
	"\x4c\xec\xcb\x79\x7e\xe1\x6c\xff\xf7\x09\xe6\xc7\x0d\x84\x72\x38"
	"\x93\x45\xeb\xfe\xec\x41\x7c\xfb\xf9\xf6\xce\x9b\x06\x0a\xbc\x33"
	"\x10\x8d\xea\x1b\xd1\xd5\xf3\xe4\xfc\xf9\xe3\xf1\xc4\x47\xe4\xf5"
	"\xf4\x06\x41\x42\x4e\x5f\xbf\x2d\x11\xb4\x1f\x97\x9b\x1f\xa0\x08"
	"\xcd\x4b\xfd\x78\x7b\x3c\x3e\xf6\x4d\xe8\xc7\xf0\x5c\x94\x18\x61"
	"\xf8\x40\x4f\xae\x76\xaf\x7e\x50\x58\x53\x4c\x1f\x82\x27\x89\x10"
	"\xe1\xa0\xca\xe2\x75\x1a\x8b\x88\x67\xf8\x9a\x84\xe8\x76\x28\x51"
	"\xe7\x54\x1d\xa5\xfa\x9e\xe7\x22\x44\xb1\x21\xe8\x32\x22\x92\x33"
	"\x67\x86\xd6\x21\x0c\x75\xe2\xed\x09\xa3\x41\x94\x7b\x8c\x66\xa1"
	"\xb4\x3c\xb4\x2c\xea\x89\x8f\x55\xfd\x66\xf2\xf6\xf6\xf5\x03\xbc"
	"\x65\xf3\x59\x74\xfa\xfa\xf6\xed\xe6\xf5\xf4\x3f\x97\xa5\x34\x8e"
	"\xd6\xee\xfd\xe1\xdb\xbf\xcf\x8f\x1f\xd7\x5f\x26\xda\x1d\x99\xbb"
	"\x37\x1f\x12\x60\x97\x3f\xee\xaa\x86\xfe\xa5\x3b\x97\x8f\x71\x13"
	"\x4b\x1e\xfe\x87\x90\x20\xf9\x69\x31\x73\x3f\x0f\xe9\x51\xc5\x17"
	"\x6b\x37\x06\x22\x5a\xb7\x45\x00\x98\xf0\x17\x85\x78\x99\xbf\x00"
	"\xf8\x9a\x4f\x90\x5b\x06\x80\x6e\x73\x3a\x04\xd0\x59\xb2\x91\x88"
	"\x8f\x0b\x72\x23\x2c\xc0\x41\x50\xbe\x23\xef\xe3\x68\x75\xd7\x5c"
	"\xb6\x2c\x9c\x2b\x68\x9f\xdd\xbe\x0e\x2b\xff\x86\x2f\xf3\xc5\xca"
	"\x9a\x95\xd0\x47\x68\x72\x35\xe4\x31\x6e\x84\xd0\x34\xc3\xbc\x88"
	"\x8e\x90\xa2\xab\xc4\xac\xf6\xbd\x6e\x1b\x0e\x51\xac\x06\xdc\x3e"
	"\xca\x90\x77\x70\x31\xce\x24\xe3\xe3\x9c\xd2\x2a\x43\x42\x8c\x02"
	"\x88\x9f\x79\xb1\xa4\x93\x49\x1e\xf1\xe9\xb4\x66\xe6\x76\xf3\x5b"
	"\xbf\x63\x87\x6f\xd5\xb8\x53\xff\x0e\xa1\x27\xb8\xd0\xf4\xe3\xfd"
	"\x01\xac\x13\xce\x7b\x5f\x1e\xdd\x64\xcf\x7f\xbf\xc3\x91\xf2\xfe"
	"\xf6\xe3\xfb\xf3\xeb\xe9\xaa\x7f\x8b\xb2\x69\x63\xd2\xa0\x7c\xb4"
	"\xbb\x18\x9f\x70\xed\x2d\xf2\x05\x02\x88\x4d\x94\xe1\xad\x43\xae"
	"\x3f\xa2\xf7\x76\x64\x67\x68\x78\xdf\x87\x69\x5d\x37\xf4\x78\x17"
	"\xe7\x38\xd7\x75\x08\xd7\xe8\x03\x1f\x27\x24\x32\xe5\x19\x94\xb5"
	"\x11\xde\x84\xbb\x0e\x6f\x42\x50\x86\x7b\x2a\xbd\x17\xf4\xcb\x71"
	"\x65\x1e\x9c\x23\xab\x09\xca\x88\x9f\x2d\x47\x50\x87\xe2\x17\xba"
	"\x18\x71\xfc\x4d\x6a\x26\xe2\x39\x56\x11\x16\x91\x38\x24\x41\x78"
	"\x4c\x9a\x22\x44\x97\xf2\xf0\x20\x76\xac\xca\xf0\x78\x15\x7c\x7b"
	"\x52\x15\x67\xe2\x48\x9d\xd8\xdc\x13\x07\x5c\x75\x39\xa6\x51\x24"
	"\x60\xb2\x74\xb7\x8f\x36\xe5\xa0\x5c\x00\xcb\xeb\xad\x39\x3c\x51"
	"\x87\x61\x14\xd5\xaf\xe5\x30\xbd\x3a\xda\x9a\xc3\x17\x39\x74\xfd"
	"\x10\xff\x5a\x0e\xcb\x3a\x24\xbf\x96\xc3\x71\x0e\x54\xb3\x7e\x21"
	"\x87\xed\xbb\x35\xdb\x56\x47\x47\x34\xc8\xe1\x1a\xfe\x81\xf0\x1c"
	"\x77\xdd\x8e\x28\x72\x24\xc4\x85\x1c\x96\xed\x1d\x3e\xf1\x1c\xca"
	"\x1a\x7a\x3c\x1f\x3f\xaf\x86\x76\x27\x5b\x33\xd8\xb6\x5f\xdc\xfe"
	"\x42\x86\xc0\x76\xed\x43\xa4\xcc\x40\x0a\x62\x7a\x16\x87\xf1\x2a"
	"\x88\x66\xd7\x81\xe6\xf0\x7e\x52\x37\x7b\x1c\x0c\xd7\x66\xbb\x6d"
	"\x5d\x3b\xb0\xc5\x1b\xce\xea\x6d\xed\x08\x0d\xd1\x53\xae\xc6\xc8"
	"\xa6\x0c\x7b\x12\xf4\x3c\xb9\xec\x7e\xeb\x94\xea\x73\x18\x26\xa3"
	"\xbf\x96\xc3\x73\xd9\xe7\xad\x39\xc2\x21\x47\xdb\x6d\xed\xa9\x61"
	"\xa2\xbb\x4d\xbe\x71\xc4\x7b\xa6\x2c\xb3\x3d\x28\x33\x14\xcc\x74"
	"\x6c\xc3\x3c\x56\x15\xf1\x6d\x37\x0a\xf4\x5f\x18\xef\x84\x0f\x46"
	"\xb3\xdf\xc4\x93\x73\x30\x81\x27\x5d\xb7\xe2\x66\xee\x7c\x64\x01"
	"\x65\x0d\x6f\xa5\x98\x7e\x86\xd5\x36\xda\xc0\xce\xc4\x39\xf4\x04"
	"\xa7\x6f\xc4\x19\x1b\x71\xe6\x1a\x6e\x75\x5b\x80\x9a\x13\xd7\xf6"
	"\xdb\xdd\x2f\x6d\x0b\x7c\x66\xb5\x7b\xd5\xb6\x10\x13\x4f\x73\x1d"
	"\x22\x26\xbb\xe5\x34\x9f\x74\x4d\xd1\xbf\x22\x83\x1f\x0c\x19\xee"
	"\x83\xeb\x01\x99\xd8\x4e\x0f\x27\xe2\x52\xf1\x66\x41\x3a\xe6\xeb"
	"\x4f\xe8\x0b\x54\x90\xee\xe0\xed\x74\xf2\x32\xbc\x00\x64\xe5\x6e"
	"\xb7\x88\xf1\xb5\x40\xc4\xe8\x23\xde\x1c\x27\xa4\xf7\xeb\xef\x0e"
	"\x13\x69\x41\x74\xc6\x78\x09\x89\x9e\x3f\xbe\x7d\x7d\xf8\xcf\x4d"
	"\xc5\x6f\x96\x5f\xaf\x24\xb2\x61\xb3\x03\xf1\x2a\xae\x29\x17\xc5"
	"\x33\x5c\xbe\xee\xb1\x52\x19\x66\x18\x67\x71\x85\x54\x80\x52\x88"
	"\x0d\x7d\xcb\x7f\xf9\x26\x62\x6b\xba\x82\x4d\xf9\x35\x51\x0f\x55"
	"\xe8\xa2\x28\x33\x88\xfd\xc9\xe7\xc2\x67\xe4\x29\xe6\x82\xfe\x14"
	"\xa5\xc7\x8c\x69\xae\x96\xc7\x1a\x5c\xfb\x54\x6d\x1b\xe4\xad\x2c"
	"\xf2\x31\x1f\xda\x93\xbe\xe2\xb8\x9d\x65\x23\xca\xaf\x17\x5c\x59"
	"\xa7\x14\xfc\x4e\xef\x8f\x25\x03\xc5\x37\x5f\xc5\x34\xff\x49\x40"
	"\x9b\x21\x3c\xb6\x6d\xa7\x6b\x89\x66\x5a\x85\x92\xf5\x9a\xd0\x2a"
	"\x88\xeb\xfa\x1e\x22\x71\x95\x0d\x97\x28\xc3\x3a\x8e\x0b\x65\xae"
	"\xfb\x28\x6d\xb8\x00\x9b\x3b\x9e\xb1\xb9\x7b\xfa\xad\xd1\xd8\x8e"
	"\x76\xcc\x4f\x5a\xa7\x99\xdb\x33\x78\x84\x28\x99\x89\xd3\xdb\xf2"
	"\x68\x99\x87\x36\xd1\x77\x2a\x2c\xbf\x0f\x57\xc7\xec\x4e\xd7\xf4"
	"\x5a\xa7\x1d\xf2\x44\x79\x85\xe7\x02\x97\xc9\xf4\x2c\x56\xe3\x53"
	"\xbe\x60\x8b\xb4\x3b\x52\xe6\xba\x9e\xdf\x22\x4b\xb7\x0f\x7c\x3c"
	"\xbf\xc9\xf7\x05\x9c\x29\xb3\x55\x9d\xbe\x7e\x3f\xbd\x7f\x79\x78"
	"\x3c\xdd\x04\xef\xcf\x4f\xff\x5c\x5f\xb9\x7a\xbd\x45\x5e\x2f\x29"
	"\x3a\x17\xfb\x70\x2d\x6e\x3a\x51\x01\x4e\x74\xf1\x1b\x4c\xd4\xe4"
	"\x81\x78\x81\x88\x08\xbe\x02\x61\x77\xe0\x3b\x19\x04\x6e\xae\xf1"
	"\x4b\x17\x84\xbf\xde\xa7\x15\xf8\x1f\x8b\xaa\x0e\x6c\x7e\x77\xf1"
	"\x31\xf0\x6c\xad\x35\x8f\xc9\x01\xcd\x07\x97\xe5\x8a\x15\xa6\xe5"
	"\xc8\x46\x1e\xee\xba\xc7\x8a\x7a\x8e\x64\x5b\xe1\x37\x78\xfe\x2f"
	"\xf5\x30\xa3\xd6\x1e\x93\xfa\x9a\xd1\x49\xe9\x98\xa3\x44\xa0\xb3"
	"\x7d\x5a\xc4\xfc\x67\xe8\x98\xbc\x57\x74\xcd\x90\x40\x4b\xba\x4f"
	"\x03\xd2\x5b\x27\xb9\x8e\x8b\x03\xf9\xca\x4d\x2a\xcc\x4b\x74\xff"
	"\x5e\x52\x30\x58\xae\x19\xf3\xf9\xa5\xa3\xe9\x42\xe9\xf3\x03\x89"
	"\x5a\xd7\xd6\xf1\xb9\x4b\xea\xb0\xda\xe1\x37\xdf\x7d\x4a\x53\xfe"
	"\x03\x33\x7b\x3d\x43\x6e\xd3\x3a\xc5\xf7\x99\xbc\xa3\x49\x20\x69"
	"\x72\x71\x1f\xd5\xf8\xb3\x40\x95\xe9\x92\x06\xf4\x91\xd6\x65\xe7"
	"\x24\x6c\xbe\x71\xc1\xc4\x2b\xd4\xf1\xae\x49\xeb\xdb\xb3\x97\x9d"
	"\xe4\xfd\xe1\xe5\x74\xf3\xf7\x8f\x2f\x5f\x20\xc8\xe6\x52\xb9\x34"
	"\x99\xa9\x2e\x8f\xaf\x53\xe2\xad\x6a\xa5\xbe\x24\x38\x86\x79\x04"
	"\x7e\x86\x2f\x8b\x9b\xa7\x15\x25\x4b\x93\xfb\x59\x52\xc8\xff\x25"
	"\x69\x96\xd5\xb3\xc7\xf4\x81\x10\x96\xd5\x3d\xaf\x85\x5c\x11\xd2"
	"\x9c\xec\xe2\x20\x4b\x67\xb2\x0c\x94\x54\xd6\x71\xba\x2b\x20\xcc"
	"\x56\x4a\x8a\x75\xc6\x84\x2a\x43\xff\x4c\x47\x17\xd9\x41\x20\x80"
	"\x52\xd9\xe2\x13\xe3\x75\xff\xfc\x3b\xc6\xbe\x5e\x71\x45\x04\x3c"
	"\x8a\x87\x94\xf5\x6f\xcb\xc1\xb1\xca\x8d\x75\xd6\xb8\x64\x12\x66"
	"\x61\xb4\xe0\x2a\xbc\xe7\xe7\x98\x81\x1d\xd6\x90\x8d\x2f\x70\xde"
	"\x5c\x86\xd1\x53\x2e\xd5\xa1\xc4\xb2\x82\x0d\x0c\x0b\x3d\xcc\x01"
	"\x54\x8f\x84\xa7\x02\x8c\x5e\xb4\x69\x84\x04\x92\xe6\xd4\x3a\x6d"
	"\x51\x5a\xea\x5a\x68\x9b\x72\xc2\x4f\x10\xb4\x4e\xc9\x0b\x1f\xf4"
	"\x07\xbb\xd7\x11\x75\xbf\x9e\x8a\x36\xd5\x44\x29\xa4\xc5\x3c\x66"
	"\x03\x35\x45\x7b\xaf\x88\x4b\x3e\x57\x11\xd5\x26\x4e\xbf\xbd\x47"
	"\x94\xe9\x38\xcd\x8c\x12\xb4\x07\xda\xb2\x8c\xca\x52\x47\xc9\x8c"
	"\xef\xf6\x68\x6b\x18\x3f\x5d\x63\x7c\xbe\x60\x1f\x4c\xc5\xd4\x45"
	"\x0b\x0d\xf9\xec\xc5\x42\xeb\x42\x1f\xe5\x34\x6c\xf0\xf6\x60\x4f"
	"\x9a\x30\x4d\x82\xfc\xb8\xeb\x98\x65\xe3\x2b\x60\x30\x73\x44\x27"
	"\x53\x0c\xe2\x48\x99\xa3\xcc\x41\x88\x37\x03\x9f\xe2\x41\x5d\x92"
	"\x88\xee\xe3\x98\xe1\x33\x00\xbd\x04\x00\x95\xf2\x25\x84\xa8\x24"
	"\x8b\xae\x71\xf5\xb5\x1d\x01\x42\xcc\x8a\x70\xd6\x60\xb3\x34\xb1"
	"\x02\x18\xd5\x32\x78\x62\xaf\xd0\x7f\xed\xaf\x0b\x68\x99\x95\x68"
	"\xfc\x1c\x36\x18\x22\x68\x0a\x4c\x4e\x0d\xcf\xdc\x25\x88\xe6\xab"
	"\x80\xb0\xd6\xb4\xb5\xbb\x16\x05\xc0\x45\xc5\x40\x44\x87\x91\x6e"
	"\x22\xa2\x07\xd0\x59\x54\x1a\x56\x8e\x92\xdb\xdd\xce\xb0\x4c\x83"
	"\x58\x28\x42\x1a\x00\x50\x74\x1d\x48\xdc\x39\xce\x81\xe4\x7a\x03"
	"\x64\x2e\x86\x9b\x8e\x9f\xec\x90\x0f\x25\x43\x3f\xda\x9a\x7e\x9b"
	"\x48\xba\x7a\xdf\x79\x26\x12\xce\x06\xc8\x25\x68\xe2\x19\x36\x91"
	"\xce\x83\xc5\x70\x5f\xd1\x07\x27\x7b\x33\x8f\x4b\x67\x22\x66\xb6"
	"\x37\x41\xe4\x9e\x6f\xe9\xc7\x43\x16\x47\x52\x36\x2e\xbe\xfe\x0e"
	"\x0b\x9b\xbc\x0b\x86\x44\x95\x87\x99\x7e\x2c\x50\xae\x0a\x95\xe5"
	"\xa6\x63\x22\x96\x08\x0b\x94\xaf\x02\x55\x9e\x6d\x77\x0a\x10\x6a"
	"\xac\x3b\x29\xa7\xb5\x0d\xcd\xcd\x2a\x05\x2c\x88\x1c\x5d\x73\x55"
	"\x9d\x50\x87\x5d\x58\x14\x98\x82\xc4\x42\x60\x19\x9d\xfb\x44\xd3"
	"\x28\xd1\xfc\xd6\x53\xce\xd6\x3f\xff\x1b\xe2\x3c\x34\xdd\x11\xd5"
	"\x4f\x99\x60\xf8\x45\x67\x1e\xa9\xf0\x1a\x12\x66\x0d\x33\x0c\x6b"
	"\xf2\xe6\x53\x36\x45\x34\xf9\x73\xf1\x87\x08\xa2\x5c\xcf\x93\xaa"
	"\x30\xbf\x4a\x38\xc6\x59\x74\x9d\x98\xc6\xa1\x6f\x7b\xf3\xf4\xfd"
	"\x21\x8a\xab\x79\x52\x4d\x0e\x39\x97\x3e\xe6\x89\x7c\x72\xf6\x9a"
	"\x27\x65\x92\xc0\x07\xd5\x39\xf5\x13\x11\x3a\x75\x8b\x94\xc1\x26"
	"\x6a\x19\xeb\x9b\x53\x4b\x4a\xe1\xbb\xed\xda\xab\xd8\xc0\xeb\xd8"
	"\xd0\x59\xb6\x7d\x7d\x15\x10\x7b\x42\xbd\x28\x3e\x16\xe5\x74\x50"
	"\x81\x06\x9f\xbb\xf9\x59\x1a\xd1\xbf\x4c\x63\x9a\x3e\x7e\x54\x2a"
	"\xb3\x68\x6e\xa6\x26\xf8\xa8\xe1\x53\xd3\xa2\xa4\x16\xfc\xe8\xd0"
	"\x58\x10\x13\xba\xe4\xf0\x42\x4d\x0b\xb6\x7e\xe0\x0b\x56\xd1\xe8"
	"\x77\x82\xa9\xf8\xae\x01\xbd\x6c\xb4\xa1\xd7\x3a\xdf\x22\xb9\xc9"
	"\xf3\x7b\xb4\x50\x02\xf1\xd5\x51\x6a\xce\x2a\xd2\x4a\x18\xaa\xc5"
	"\xe7\x3b\xdd\xb1\x31\x0f\xd3\x50\x46\xd5\x58\xab\x96\xb4\xfd\x98"
	"\xa6\x4b\x7e\x49\xa4\x7b\x88\xe1\xba\x20\xb3\x34\xed\x2a\x05\x59"
	"\x5c\x3c\x72\x1c\xd4\x78\x58\x1c\xd3\x91\x6c\xc8\xc9\xa6\x84\x7c"
	"\x30\x50\x5a\xc0\x3c\xc4\xb8\x56\x2c\x26\xa2\xe9\xc8\xb9\x27\xc8"
	"\x79\xba\x70\x61\x38\x5f\x3c\xdd\xfd\x0e\x79\x73\x13\xb9\xa9\x65"
	"\x20\xb1\x08\x07\x32\x66\x5a\x28\xc8\xac\x4b\xf0\xaa\x23\x52\x67"
	"\x44\xd2\x63\x3b\xe1\x0f\x1d\x25\x67\xe4\x5e\x9a\xbd\x2f\xde\xfa"
	"\x5f\xc6\xae\xad\xb9\x6d\x5c\x49\xff\x15\xd5\x79\x9a\x53\xb5\x53"
	"\x2b\x92\x22\x45\x9d\xad\x7d\x80\x48\x48\xc2\x98\x37\x13\xa4\x44"
	"\xe7\x85\xe5\x38\x4a\xc6\x75\x1c\x3b\x65\x2b\x67\x26\xfb\xeb\x17"
	"\x0d\x5e\x44\x90\x6c\x40\x2f\x93\x71\xf7\xa7\x06\x08\x34\x80\x06"
	"\xd0\xe8\xd6\x8b\x5f\x19\xc4\xe3\x7c\x31\x69\x13\x9c\xc9\x70\x1e"
	"\x0d\x0e\xa9\x83\x8f\x57\x26\x36\xc6\xfb\xd4\xc0\x66\x26\x40\xf8"
	"\x87\x51\x42\x65\x14\x81\x23\x68\xc2\x2d\x67\xbd\x34\xf0\x71\xbd"
	"\xd9\xc5\xfe\x12\xe7\x1e\x42\x9e\x69\x99\xf8\x18\x15\x56\x97\xb5"
	"\xd6\xf4\x9a\x98\x48\x69\xe4\x57\x4b\x23\x00\x2f\xe2\x2e\xcd\xf7"
	"\x96\x6d\xe1\xc3\x35\x4a\x23\xbc\xf7\xa3\xca\x5b\x79\x2b\x2c\xbf"
	"\x96\x54\x9d\x0a\x4b\x27\x0b\xec\x24\xb6\x5d\x7c\xb0\x67\x41\x75"
	"\xc8\x51\x6e\xce\xb2\x82\x85\x14\xe7\xc7\xd4\xb1\x75\xdc\x8d\xa7"
	"\xe7\xba\xb6\x66\xd6\xf7\x70\x75\x3a\x32\xe2\xdb\x95\x91\x6f\x98"
	"\x9f\xe5\x16\x33\xe5\xf8\xd0\x38\x56\x68\x7e\x2a\xc1\x7d\x88\x77"
	"\x73\xb1\x5e\x0f\xe1\xef\xd2\xe5\x48\xc9\x43\x28\xf5\x90\x34\xca"
	"\x82\xac\x51\xc0\x17\x46\x8e\x74\x75\x15\x9b\xcf\x4f\xf4\x7f\xbd"
	"\x95\x62\x2c\x8c\x0d\x84\x92\x6f\x27\x04\xb1\x6a\x84\x2c\x1d\xaf"
	"\x75\xc0\x28\x89\xa5\x19\x41\x80\x08\x08\x23\xf7\x5a\x84\xb7\x63"
	"\x39\xd5\x22\x0e\x6c\x87\xc5\x88\x97\x0b\x53\x10\xa2\xa7\x5e\x9d"
	"\x88\x2c\x0d\x4d\xfc\x83\x1e\x51\xa4\x09\x45\x23\x0e\x74\xa0\x23"
	"\x11\x56\x45\x85\xf4\x45\xdf\x92\x10\xe8\x5b\x6d\x64\x2e\x1d\x91"
	"\x55\x42\x6f\x9f\x8e\x1b\x1e\x78\x24\x86\x80\xb6\x3a\x53\x02\x22"
	"\xc4\x0a\xa4\xc6\x5e\xe3\x6c\x9f\xc8\xc3\x59\x66\x4f\x9f\x18\xf0"
	"\xb7\xa0\x75\x4b\xfe\xfa\xf6\xbe\xd8\xbd\x9f\xcf\x1f\x4f\x8f\x2f"
	"\xe7\x45\x90\x95\x57\x4f\xe1\xb7\xef\xdf\xdf\x5e\x07\xd0\xb7\x1f"
	"\xe0\xfb\xf6\x31\xf3\x93\x7f\x8d\x15\x97\x4b\x3b\x34\xaa\x09\xcf"
	"\xf1\x3a\x76\x20\x4e\x98\x19\xc3\x6f\xc0\x64\x21\xdb\x19\x51\xd4"
	"\x54\x1c\x8b\x2b\xe8\x48\xec\x21\xa1\x9c\xc0\x6d\xc8\xf7\xe7\xd9"
	"\xd6\x72\xdc\xba\x33\xd2\xf6\x5a\xfe\x7d\x30\xfb\xfa\xaa\x63\xf7"
	"\x4f\x55\xda\x31\xda\xf4\x5e\x11\x3f\x3f\xbd\xbf\x9d\x5f\xce\x4f"
	"\x97\xf7\xb7\x57\xf0\xa3\x6d\x5e\xf0\x81\x46\x34\xce\xe0\x33\x39"
	"\x63\x3b\x91\x55\xb1\xcb\xf6\x04\xad\xf8\xa7\xaa\x2e\x42\x5d\x95"
	"\xe4\x1d\x4a\x3f\xb9\xb4\x25\x84\x34\x98\xc6\xae\xe8\x7e\x71\x8a"
	"\x21\x7d\x4d\x36\xab\xe9\xc1\x66\x5d\x37\x3f\xd7\xb5\x12\x09\x49"
	"\x69\xad\x35\x93\xd1\x15\xe4\x59\x68\xf8\xb7\x09\x10\x0b\x25\x37"
	"\x04\xae\x97\x4b\x5b\x0f\xba\x5b\x59\xcb\x95\x09\xb2\x72\x7d\x13"
	"\xc4\x75\x8d\x52\xb0\x77\xd9\x43\xc8\xca\x54\x5d\xd7\xf1\x3d\x13"
	"\xc4\x35\x55\x37\x0a\x5c\xec\x68\xb9\xc3\x6c\x43\xdb\x37\x62\x8a"
	"\x9a\x07\xa9\x16\x22\x43\xeb\x39\xf6\x0d\x18\xe7\x06\xcc\xea\x06"
	"\x8c\xab\xd1\xfe\x6b\x84\xc0\x79\x46\xbd\xe2\xd9\xdd\x9c\xa6\x77"
	"\x7c\x47\xf0\x0d\x75\x58\xd9\xd1\xca\x36\x63\x5c\xb3\xa6\x37\xb8"
	"\x5b\x64\x79\x66\xcc\xda\x31\x62\xb0\x9c\x59\x03\x88\xc6\xa2\xef"
	"\x21\xb7\x7d\xd8\xda\x3c\x80\x01\x56\x55\xfe\x2d\xe2\x1c\xcb\x31"
	"\xd6\xcc\x59\x6d\x0c\x10\xd7\x89\x54\x31\x23\x04\x9c\xd7\x35\xf3"
	"\xdd\x9c\x8e\x50\xbe\xb6\x0c\x1a\x2a\x20\x68\x16\xc2\x1e\xe2\x3b"
	"\x96\x67\x84\xd8\xe6\x66\x69\x61\xa6\x56\xde\x17\xb1\x67\x98\x9b"
	"\xc1\x3f\xa9\xce\xef\x9c\xa5\xa3\xaf\x58\x4c\xaa\x8d\xef\x1a\xa6"
	"\x53\x09\x42\x3c\x06\x14\xcc\xc6\xbe\x01\xe4\x18\xf4\xba\x29\x4d"
	"\xaf\x1b\x31\x8f\xfd\x8d\xe5\xd5\x27\xb8\x27\x90\xde\x27\x37\xc3"
	"\xdb\xc0\x59\x5a\x7c\x16\xc4\x96\xe7\x5b\x46\xcc\xda\xdf\x18\xfb"
	"\x54\xe2\x36\xd5\xcd\x38\x53\xe7\x03\xce\xf7\x6e\x93\x07\xb8\x1b"
	"\xe4\x09\xed\xf5\xc9\x2d\x02\x1b\xe0\x0d\x12\x5d\xcb\xfe\xfb\x16"
	"\x81\x12\x67\x92\x97\x17\xae\x67\x18\x5f\x00\x71\xf4\xfd\xc5\xf7"
	"\x45\xe4\xea\x36\x36\x12\x24\x2f\x14\xc5\x7e\x20\x8b\xd8\x8e\xd1"
	"\xdc\x00\xce\x77\xed\x16\xc4\x6c\x51\x99\x8d\x65\xce\x63\x1b\x0b"
	"\x44\x3a\xc4\x78\x4b\xdb\xd8\x64\x1d\xce\xd4\x05\x02\xb7\x72\x0d"
	"\x23\x9b\x17\x04\x0b\x05\x33\x84\xb8\x86\x96\x2d\x98\x30\xae\xf5"
	"\xb6\x7b\x41\xb8\xed\x1a\x56\x4f\x81\x41\xc3\x6a\x0f\x31\x6b\xab"
	"\x32\x63\xec\xa5\x09\x23\xac\x3b\xfd\xdc\x58\x84\x64\xbd\xb2\xf4"
	"\xcb\x54\xb1\x23\x1b\x7f\x6d\xc0\x44\x47\xc7\x5e\x12\x16\xd8\x8e"
	"\xb1\xd7\x86\x58\x93\x26\xf4\x58\xc7\xaa\xaa\x1b\x91\x76\xb5\xba"
	"\xbd\x0e\x12\x7d\x7b\x2d\x0c\x75\xe0\x0e\xb1\xed\x35\x35\x80\x1a"
	"\x33\xc3\x0c\x32\x18\xf8\xa7\xd8\x77\xad\xa5\x11\x62\x30\xa9\x25"
	"\xc4\x5c\x90\x6f\x2c\x08\x4b\x97\x33\x84\xd8\xbe\x11\xe2\x98\xa5"
	"\x38\x6b\x23\x64\x65\x96\xe2\x9a\xbf\xc8\x35\x36\xdd\x7a\x6d\x96"
	"\xb2\xf6\x8c\x10\xdf\x36\x41\xfc\xa5\x59\xa9\x5b\x98\x49\x9b\x21"
	"\xa4\xf9\xd2\xf8\x65\x1b\x6f\x69\x86\x18\xab\xbd\x59\xaf\xcc\x10"
	"\xa3\x52\x6c\x7c\xfd\xba\xf2\x49\x1e\xc1\x6c\xbc\xcc\xb6\x8d\xb6"
	"\xd9\xda\xd5\xcf\x64\x10\x65\xd9\xd5\x6b\x4f\x42\x4a\xdf\x5d\x2d"
	"\x8d\x18\xdf\xba\x01\x63\x9a\xa0\x33\x22\x76\xf1\x4b\xa2\xf9\xb0"
	"\x66\xd1\x0f\xb0\xdc\x27\x03\x0c\x0f\x4a\x3d\xae\x31\x07\xf6\x39"
	"\xc9\x0e\xb7\x03\xe7\xa4\x36\xe7\xd4\x2c\x9c\xbe\xd8\x16\xc4\xe1"
	"\x5e\x46\xfc\x59\x6f\x49\x51\xd0\xfc\x41\x06\xb1\x49\xf6\xc5\x5c"
	"\x34\x19\x01\xcb\xc9\x69\x10\x78\xb4\x11\x33\x10\x72\xf5\x62\x69"
	"\x0e\xbd\x7e\x9c\x9f\x9e\x1f\x5f\x64\x1d\x26\x27\x4d\x80\x27\x2b"
	"\x78\x4d\x30\xae\x0a\x09\x82\x52\x3a\xfe\xcf\xd7\x41\xf0\xf3\xb2"
	"\x52\x0b\x96\xa4\x7a\xb7\x1b\x51\xb3\x4c\x4d\x62\xd6\x13\xd9\xbc"
	"\x59\x26\xf9\x1c\xf1\xff\x94\xcc\x12\x8e\xee\x91\x7a\x6d\x69\x74"
	"\xc7\x92\x49\xc3\x52\x88\xd9\xb4\xdb\x21\x3f\x0a\x0e\xf0\xd4\x41"
	"\xad\x77\x70\x60\xe2\xaf\x87\xb1\xa4\x20\xcd\x39\xd1\xd4\x3c\x48"
	"\xcb\x3d\xc9\x91\x72\xb2\x3c\x0d\xd9\x1d\x7d\xe0\x13\xa9\x32\x34"
	"\x00\x2e\x34\xb3\xad\x59\x1f\x37\xc9\x7c\xe8\xce\xc3\x07\x44\xa1"
	"\x24\xfb\x34\xc9\x9b\xcc\xad\xbd\x1b\x73\x47\x9b\x74\x12\x8d\x79"
	"\x43\x53\x8a\xa5\xd1\xac\x17\x70\xc3\xa2\x81\x1a\xbe\xaa\xa1\xa6"
	"\x18\xfe\x93\xf8\xec\x31\x7c\x4f\xe3\x2d\x43\xc6\x96\xe4\xef\xf2"
	"\x18\x91\x77\x48\xa3\x82\x2a\xe7\x45\x0d\x65\xd4\xc7\xaa\xb8\x34"
	"\xdd\x47\x10\xec\x2c\xc6\x52\x39\x48\x54\xe1\xf9\x0e\xd6\x81\xe2"
	"\x23\xe4\xa0\x50\x5b\xef\xee\x81\xaa\x84\x32\x80\x77\x14\x81\x4a"
	"\x3c\x91\x48\x28\xe1\x68\xac\x3e\xe4\xd2\x99\x7c\xdc\x32\x0c\x02"
	"\xf6\xa1\x55\x64\x05\xce\xfb\x83\x6c\x73\x82\xd4\xbe\x38\xb1\xe4"
	"\x40\x92\x51\xe5\x69\xc2\x99\x98\x6c\xd2\x11\x3d\x0a\x64\xc6\xdd"
	"\x71\xcd\x46\xce\x6d\x23\x5e\x92\x1e\x31\x0d\x80\x16\x69\x27\x9a"
	"\x19\x6a\x1d\xfe\x81\x30\xc4\x1f\x59\xa6\xb8\x6a\x35\xf4\xa1\x0a"
	"\x03\x11\xc2\xe6\x45\x34\x23\xa1\x3d\x61\xed\x37\xab\xe5\x84\x78"
	"\x3a\x50\x1a\xf1\xc9\x48\x90\xee\xc6\x71\x5a\xf2\xc9\x9c\x15\x93"
	"\x07\xfc\x35\x3a\x00\x72\xda\x8c\x30\xa4\x01\x62\x06\x69\x01\xd3"
	"\x5d\x31\x2a\x30\x4d\xc4\x9c\x4f\x47\xb3\x4f\x5c\x46\x05\xeb\x54"
	"\x4d\x29\x25\x29\x18\x52\x40\x52\xe4\x6c\xaf\x8a\x49\xf3\x66\x94"
	"\x0c\xe7\x20\x92\x40\x16\xd8\x28\xcd\x43\xe5\x3d\x67\x47\x9c\x99"
	"\x07\x32\x9a\x88\x16\x49\x0a\x6c\x56\xa3\x05\x89\x9a\xc8\x8b\x43"
	"\xaa\x98\x3e\x47\xde\xf8\x03\x72\x8d\xbc\xe2\x18\x42\x7a\x17\x3f"
	"\x23\x12\x8b\x79\xa1\x60\x68\xc8\xb1\x0f\x10\xf3\x9c\x7c\x71\x15"
	"\x8c\x66\xd1\x2c\x67\xc2\x52\x1a\x7f\x42\x0e\xfe\xd0\x21\x45\x84"
	"\xe5\x69\x10\x90\x51\x1f\x8b\x15\x63\xd2\x0f\xd7\xe0\x0a\x43\x62"
	"\xb3\xe2\xf4\x3e\x82\xc9\xc3\x44\x41\x79\x46\x29\xbc\x0d\xb9\x1b"
	"\x57\x8b\x17\x14\x89\x7c\xda\x72\x85\xba\x0b\xc3\x80\x62\xad\xd0"
	"\x86\xb8\x9d\x7c\x6d\x8c\xe9\xdb\x1e\x5e\x04\x12\xce\x06\x0f\x4c"
	"\x7a\xd2\xb4\xda\x31\xc9\x8b\x3f\xd2\x87\xb6\x88\xee\x0b\x07\xd4"
	"\xc9\x4f\x0a\x76\x4c\x47\x94\x34\xe3\x94\x4e\x74\x0a\x5e\x4f\xed"
	"\xb1\x95\xa2\x38\xe4\x25\x2f\x62\x22\x1a\x20\x57\x73\x7b\x5f\xe9"
	"\xba\x55\xa3\x04\x7b\xab\xce\xb8\x83\xc8\x3f\x91\x66\x21\x1c\x92"
	"\x18\x8b\xd3\x62\x32\x81\x54\x4c\x0c\x23\x44\xca\x27\x9a\xa7\xe3"
	"\xd6\xef\x68\xb8\xdd\xf2\xe9\x21\x14\x46\xd7\x74\xf9\x68\x63\xf9"
	"\x1d\x4a\x7c\x90\x91\x28\xc3\x14\xe1\xfe\x98\x77\xc6\x23\x44\xb7"
	"\x9d\x35\x5e\x1b\x07\x84\x99\xd1\x3d\xe7\xfa\xdc\x82\x07\x41\xfb"
	"\x61\x03\xa7\xca\x55\x82\xa3\x1d\x50\x31\xe9\x21\x80\xcc\xd8\x45"
	"\x21\x16\xf2\xe6\x99\x92\x1a\x83\x7f\xe2\xe6\x2f\xbd\x2d\xd2\x38"
	"\x4e\x47\x40\x92\xc3\xda\x42\x78\x7d\x08\x42\x85\xa3\xc2\x1a\x6f"
	"\xc6\xe1\xef\x92\x44\x4c\x85\x01\xad\x13\x7a\x6a\x5d\xc9\xfb\x37"
	"\x60\x6a\x58\x2e\x68\xbb\xf6\xea\x5f\x6d\xb7\x90\xee\x88\x98\xde"
	"\x6b\xf0\x48\x66\x5c\x79\x84\x25\xd9\x8a\x77\x2b\x1a\x1b\x2f\x2d"
	"\xf6\x3a\x5e\x7d\x3a\x88\x39\x27\x62\xbc\xd0\xa2\xb6\x91\x9c\x64"
	"\x79\x81\x2a\x0b\x20\x65\x08\x4b\x58\x5d\xf6\x34\x97\xc9\x93\x31"
	"\x8f\x0f\x19\xb4\x0f\x79\x5a\x04\xbc\x93\xec\x8e\x2d\xd9\xcd\xa5"
	"\x6d\x5e\x1c\xde\x3e\x2e\x10\x30\xe8\xf2\xfe\xf6\xf2\x02\xcf\xe8"
	"\xa6\xaf\xc3\xe4\xef\xbd\x75\xb5\x5c\x42\xc7\x21\x4a\x52\x81\x92"
	"\x1c\xd4\xb5\xa7\xa7\x87\xdb\xfd\x28\x7f\xe6\x18\x31\xe9\xf3\x86"
	"\xda\x3e\x93\x50\x59\x14\x29\x4a\xd2\x73\xc8\x7a\x2e\xda\xb5\x2e"
	"\x0a\xa4\x3c\x09\x2b\x0a\x50\x26\x2e\x36\x21\xe1\x8c\xf0\x49\x6d"
	"\xba\x22\x87\x35\x52\xfb\xb5\x2a\x6d\x6b\x79\xc8\xc6\x2d\xa4\x80"
	"\x18\xcf\x2c\xcb\xab\xb4\x98\x9d\xd0\x10\xf0\xd5\xd0\x61\xc4\xfa"
	"\xe8\x40\x96\x5d\xbc\x37\xd2\x6b\x13\xcd\x50\xa7\xdf\x97\x9a\xbe"
	"\xaf\x6c\x01\x78\x94\xef\xc8\xb7\x2c\x2d\x22\xf7\x89\xe7\xb9\x9b"
	"\xb5\x16\x04\x75\x90\x01\x47\xe3\xd1\x6a\xdf\x2b\x6c\x9b\x96\x3e"
	"\x78\x79\xfc\xf8\x98\x7b\xcb\x28\x27\x8c\x00\x0f\x47\x2e\x9d\xc7"
	"\x67\xbd\xbf\xe5\x60\x09\x27\x9f\x5e\xc4\xd3\x98\x65\x89\x58\x6a"
	"\xfe\xb5\x68\xe2\x9f\xa7\x39\xbc\xb3\xfb\x72\xfe\x01\x41\xe3\x20"
	"\xee\x1f\x0f\x38\x5b\x7c\xfe\x79\x59\x6c\xa3\x3b\x98\xae\x6a\x1e"
	"\x2e\xbe\x3f\xfe\xea\x7c\x95\x1e\x5f\x3e\xde\x16\x9f\xcf\x8b\xd7"
	"\xf3\xf9\xcb\xf9\xcb\xff\x08\xa1\x67\x45\xd2\xe1\xfc\xf2\x43\xfa"
	"\x2d\x7d\x87\x74\x38\xcf\xaf\x5f\xdf\xd4\xa9\xac\xc5\x8d\xab\xd9"
	"\x92\x35\xde\xef\x43\x14\xec\xe6\x75\xe1\xee\x7b\x69\xa4\x20\x3b"
	"\xb2\x35\xe2\x76\xc2\x08\xc1\xf2\x84\x0f\x71\x8c\x87\xb6\x26\x7a"
	"\x6a\x07\x13\xff\x4f\x0a\x23\x8a\x87\x61\xbe\xdc\xdc\x04\x73\x5d"
	"\x23\xec\x8f\x32\xce\xf8\x21\x35\x17\x4b\x22\x52\x86\xc4\x08\x4b"
	"\x13\x3a\x39\xcc\x99\x05\xde\x91\x3c\x36\x8b\xeb\x82\x93\x8a\x0e"
	"\x09\xcc\xfd\x41\x13\xd1\x88\x5b\xcf\x76\xf1\xb6\x2e\x09\x9f\x1d"
	"\x60\xec\xfb\xe3\xb7\xe7\xd7\x6f\x73\x11\xf6\xe5\xe4\x13\x06\xba"
	"\xf8\xb7\x72\xc7\xa5\xd1\x2c\x96\xe1\x51\x89\xe5\xef\xe5\x2c\x10"
	"\xaa\xae\x78\xc3\x95\xfa\x14\x38\x63\xd5\x6f\x23\x97\x89\x9d\x73"
	"\x9d\x66\x05\x8b\xd9\x27\x3c\x66\x61\x27\xa3\x3e\xa4\x9a\x65\x5a"
	"\x22\xf6\x24\xdc\xd3\x42\x53\x8f\x26\x32\x5b\x9e\x46\x7d\xd8\x87"
	"\xec\xe5\xf1\x22\x86\xee\xf7\xc5\xfe\xe5\xe7\xb9\x5d\x4b\xbb\xa8"
	"\xc5\x23\x83\x44\xd6\x81\x64\xa3\xa4\x47\x92\x9c\xee\x26\x51\x3e"
	"\x85\x85\x2f\x76\xda\xad\xb9\x25\xb6\x23\x70\xac\x5a\x90\x82\xce"
	"\xfc\xfa\x5e\xb1\x8d\x7b\x72\xcc\x47\x54\x88\x30\xb9\x17\x46\x7c"
	"\x2d\xe3\x54\x4f\x2c\xa2\x53\x80\x87\x18\x86\xe0\x10\x2c\xa4\x04"
	"\x69\x1b\x58\xe7\xd6\xde\x52\x2d\xae\x25\x4e\x57\xa5\x9e\x21\x3a"
	"\xa4\x6b\xcc\xc9\xb2\x09\x80\xa6\x3f\x24\x44\xbb\xc4\x02\xb6\xef"
	"\x99\x59\x15\x87\xee\x98\x1e\xcc\xca\xc6\x95\x8f\x71\x26\x73\x6b"
	"\xf3\x44\x07\xd2\x86\xea\x0a\x6f\x61\xed\x61\xb0\x09\xa6\x79\x80"
	"\x3b\x40\x11\x96\x07\xd0\xf5\x46\x5c\x7e\xe7\x58\x96\x67\x82\x35"
	"\x47\xb5\x26\x54\x70\x70\x56\x96\x09\x24\x8d\xdd\x03\xd5\xcd\xd3"
	"\x0d\x10\xbc\x46\xe0\x6c\x9b\x46\x54\x6b\xc4\x76\x85\x67\xc2\xfe"
	"\xa9\x8c\xa8\x76\x3a\x8c\x7d\x13\x92\xc6\x19\xdd\x23\x9a\xda\x42"
	"\x76\x45\xc8\x44\x7f\xa4\x48\xbf\x1f\x99\xd8\xd9\x99\x8a\x61\x19"
	"\xb9\x37\x62\x8c\x52\xa8\x50\xf1\x5b\x1a\xa9\xc3\xd5\x05\x33\x41"
	"\x77\xbe\x65\x6b\x72\xd6\x5c\x51\xae\x63\x6c\xf5\xbd\x7c\x31\x6f"
	"\x6e\x8a\x93\x11\x52\x96\x26\x08\x9c\xd9\x67\x24\xa9\x33\xdd\x5a"
	"\xab\x40\x8d\xb0\x88\x1b\x5b\xeb\x2e\xdd\x42\xec\x99\xc0\xd8\x03"
	"\x71\x50\xd4\xe5\x0d\x0d\x2b\x5f\xf2\x1b\x41\x29\x5f\x63\x1e\x15"
	"\x23\x98\xbf\x32\xc3\xaa\xf2\x16\x1d\x4a\xc8\x31\x9e\xbd\x6c\x18"
	"\x60\xb2\xc8\x76\x96\x0e\x32\x2e\xd2\x82\x79\xbe\x6b\x1c\x80\xf7"
	"\x01\x29\x8d\x9a\x75\x2f\x26\x6c\x38\x33\x30\xce\x9a\x59\x90\xf9"
	"\x95\x6b\x84\x91\x1d\x35\x4f\xc0\x34\xcf\xc9\x89\xe5\x62\x62\xe2"
	"\xdc\x88\x7e\x88\xb7\x48\x26\x99\x01\xca\x3c\x1c\x65\x6c\x14\x78"
	"\xc0\x6b\x02\x56\x62\xe6\x4f\x8d\xed\x01\x06\x4f\x6a\xd4\xfc\x34"
	"\x4e\x58\x42\x8b\x5b\x84\x05\x66\x69\x15\x9c\x75\xd5\xb1\x51\xdc"
	"\x89\xf1\xc3\x36\x4d\xcc\x1d\xc1\x4b\x6b\x69\xd4\xea\xfb\xc2\x38"
	"\xd6\xca\x2c\x5c\xfb\xbb\xe5\xda\x31\x0a\x9b\xec\x92\x7a\xdb\x40"
	"\x3d\x50\x42\x36\x98\x34\x66\x1e\x5e\x1b\xc1\xb5\xf1\x95\x98\x84"
	"\x65\xa1\x1d\x0f\x47\x4e\xf7\x9a\x63\xa1\x7d\x5a\x80\xa9\x8b\x23"
	"\x34\xdb\xeb\x6e\xd5\x0c\x1e\xd6\x81\xe7\x68\x60\x70\x33\x81\xeb"
	"\x1e\x0b\xe5\x6d\x0d\x7e\x88\x01\xeb\xe9\xf8\x26\x53\x6d\x04\xb8"
	"\x8c\xd6\x45\xc5\x96\x4d\xc1\x84\xad\xbb\x3d\xee\xf1\xf9\x3f\xc2"
	"\x3f\xb5\xc8\x49\x12\xd0\x23\xdb\xe6\x90\x36\x05\xff\x94\xf4\x44"
	"\xf2\x9c\x69\x10\x48\xf8\xf4\xe6\x58\x88\x0b\x83\x54\x9e\x57\xec"
	"\x58\x05\x69\x9d\xa6\xb6\x2b\x5c\xa6\xec\xf0\xf5\xf0\x41\xfc\x08"
	"\x57\x06\xfa\x49\x36\x67\x85\xeb\x1a\x1c\x75\x89\x7f\x6d\xd7\xd2"
	"\xa4\x57\x3c\x70\x16\xc0\xff\x38\xee\xd2\x31\x82\x56\x9e\xea\xd2"
	"\x3c\x6c\x6e\xc8\x46\x27\x7a\x4c\x06\xf6\x9f\x9e\xa2\x8a\x1d\x45"
	"\xca\xc5\x5a\x8c\x1f\x01\xd1\xe6\x75\x7d\x9d\x6c\xd7\xc7\xec\x7e"
	"\xb3\x54\x83\xa8\xf4\x63\x30\xfb\xf3\xd7\xc7\xf3\xd3\xe3\xcb\x22"
	"\x7a\xfc\x25\x36\x50\xb3\x96\x7a\x76\x18\xdc\xda\x24\x69\xd6\x9c"
	"\x1a\x06\x94\x1d\xc7\xd5\x82\xd8\x18\xf5\x71\xab\xc9\x24\x08\xbb"
	"\x06\x67\xf6\x75\xbd\xdc\x92\xf2\x58\x4c\x51\xa2\xbc\xfa\x3e\xce"
	"\xc6\xc2\x15\x26\xe4\x19\xc0\x72\xfd\x00\xf0\xbe\xad\xf8\x5c\x16"
	"\x60\xc1\x3e\xf0\xc9\x87\x01\x41\xc6\x2e\xa1\x71\xd9\x72\xd4\x4d"
	"\x7c\x34\x9b\x87\x4a\x7e\xb6\xdc\x2e\x4d\x1a\xa3\xd9\x44\xe9\x4f"
	"\x89\x86\x20\x88\x75\x46\xf9\x8d\x50\xae\xad\x8b\xec\x84\x5a\xfa"
	"\xd2\x6c\x96\xcb\x19\x7e\x77\x7a\x91\x94\x71\xbd\x2d\x77\x3b\x88"
	"\xc3\x60\x0f\xca\xd3\x6c\xc4\x86\xc2\xe0\xc9\x57\x9e\xb2\x70\x7c"
	"\x8b\x20\x89\xfd\x33\x35\x78\xd4\x98\x72\x36\xde\x43\x27\x41\xdc"
	"\x07\xae\x88\x8b\x12\x94\x3a\xb9\xc6\x75\x94\xda\x79\x7e\x7f\xfe"
	"\xf1\xe7\xf9\x5d\xe8\xe7\xf5\xe0\x7c\xbc\x42\x74\xe7\xb8\x65\xa8"
	"\x49\xbe\x99\x6b\xd9\xdd\x81\x29\x7e\x94\x59\x11\x7b\x8d\x4f\x1e"
	"\xf1\x51\x2b\x1e\xd8\x8e\xe6\x40\x37\xc9\xe0\xe7\xf2\x44\x18\x97"
	"\x01\x15\xc4\x27\xa7\xad\xf8\xbd\xae\x0a\x24\x0e\x5d\xd7\xf1\x74"
	"\x10\x61\xb5\xd8\xf6\xda\xd6\xf3\x75\xa9\x44\xd3\x3b\x7c\xa7\x41"
	"\xf7\xf6\xb2\x30\xa9\xf6\x34\x87\xa2\x7a\x50\x02\x81\x41\x34\x47"
	"\xf1\x11\xdb\x22\x9a\xb6\x83\x73\x6a\x95\x54\x5e\x0f\x20\x14\x2a"
	"\x85\xf5\x78\x4c\xec\xde\x59\x2a\x22\x93\xb1\xc8\x3c\x11\xcb\xec"
	"\x18\x35\x4b\x8c\x21\x52\xd3\xf5\x74\x59\xe1\xed\x26\xe8\x92\x04"
	"\xf6\x44\x82\x12\xd9\xa6\xa1\x1d\xc6\xe3\x70\x57\x87\x8c\xec\xc7"
	"\xb4\x60\x92\xda\x7b\x07\x09\x36\x27\xbf\x6d\x7c\xff\x78\x1e\x4c"
	"\xdb\x72\x42\xba\x0f\xf9\xa4\xda\x7b\x3e\xa9\x61\x5c\x64\x63\x52"
	"\x36\x25\x89\x3f\x92\xeb\x9c\xaa\xdc\x74\xc2\xff\x8e\x1b\xa8\xa3"
	"\xd6\xe5\xec\xf1\x5a\xcf\x6e\xfa\x1b\xd1\x9d\x1e\xd5\x28\xca\xbc"
	"\x84\x74\x4b\x2b\xd3\xef\x13\xcd\xef\xa9\xe6\xb2\x64\x08\x82\x54"
	"\x52\x1c\x3d\x0f\xed\x91\x33\xaa\xd5\xf3\xd4\x36\x44\x4a\xa2\xb1"
	"\xa9\x88\x91\xa2\xce\xcb\xd9\xd5\x11\x84\xb1\x33\xc9\x9a\xaa\xf6"
	"\x80\x35\xd1\xa9\x21\x6f\xa0\x88\x58\x0d\xc4\x18\xb1\xcc\x6d\xdb"
	"\xe0\xf0\x50\xa8\x53\xb0\x8d\xd6\x6a\x3a\x02\x07\xcc\x91\xf3\xc0"
	"\x58\xee\x31\xb8\xa5\xae\xfa\xfb\xb3\x01\x70\x3a\xca\x07\xcc\xe9"
	"\x70\x1f\x32\x27\xe3\x7e\xc0\x9c\x0e\xea\x01\x73\x32\xba\x87\x4d"
	"\x33\x1e\xd3\xc3\x8f\x1a\xf3\xc2\x32\x99\xfa\x35\x14\x0f\x99\xfa"
	"\x16\x52\x12\xea\x22\x40\x02\xb0\x34\xec\x32\x40\x4e\x9d\xda\x5f"
	"\x67\x5c\xac\xa1\x6a\x1a\xa2\xde\xd4\x28\x7e\xfd\x38\xff\x1e\x2c"
	"\xe2\x9f\x2f\x97\xe7\x1f\x2f\xe7\xbf\xcf\xef\xff\x1d\x9e\x07\x7f"
	"\x2d\xf8\x5f\xcf\x97\xa7\x3f\xe7\x7c\x3a\x1a\xe9\x31\xc4\x59\x67"
	"\x0e\xd8\xfe\xcb\x51\xe6\xea\x71\x21\xe4\xe5\x72\x7e\x7f\x7d\xbc"
	"\x9c\x17\xf1\xdb\x97\xd9\x30\xb1\x8d\x48\x48\x50\x15\x15\xe3\xfb"
	"\x59\xd5\x72\x49\xc1\xdf\xfb\xc4\x0a\xf5\xf6\xeb\x6a\x41\xbd\xfd"
	"\x25\x23\xf6\xbe\x40\x11\xbf\x46\x76\xfd\xa8\xeb\xb3\xb0\xce\xd2"
	"\x88\x05\x03\xa3\x18\x72\x7a\xb6\xbc\xc6\x24\xee\x05\x27\x6f\x97"
	"\xe7\xaf\xbf\x16\x5f\xcf\x8f\x97\x9f\xef\xe7\xd1\x8e\x41\x5e\x30"
	"\x8c\x03\xfa\x4a\x1b\x42\xd2\x9a\x8d\xcd\x0c\x87\x8d\xa9\x6d\x2e"
	"\x1f\x5a\x10\x61\x1a\x4b\xb7\xc9\x91\x43\x4c\x7f\x15\x5b\x28\x31"
	"\x82\x65\x25\xe2\xa2\xb7\x40\x65\x04\xb7\x91\xa3\x41\x25\xc6\x56"
	"\x02\x87\x73\x78\x3d\x65\xe4\xb4\x49\xa1\xf2\xeb\xfa\x7c\xb7\x94"
	"\xb4\xbb\xd1\x21\xe2\x24\xa3\x6f\x8f\xec\x03\x39\x9a\x21\xaa\x49"
	"\x1d\x65\x71\x1d\xcd\x38\xc7\x40\x9e\xeb\xbe\x25\x04\x05\xee\x8c"
	"\xee\xb1\xfb\xb9\x66\x5a\xa4\xe0\xf3\x1a\xd0\xb0\x6d\x02\x19\x70"
	"\x6e\xa6\xba\x01\xcd\x0b\x36\xec\x3f\x50\x45\xa1\xee\x8f\xaf\x8f"
	"\xdf\x20\x07\x98\xcc\x63\x35\xea\xc5\x56\xaf\x49\x42\xc0\x31\x66"
	"\xd0\x41\x63\xef\x19\xe9\x3c\x83\xdf\x7e\x8a\x8d\x53\x8d\xee\x09"
	"\x4f\x5b\x6d\x32\x27\x8c\x2f\xe8\x62\x45\xc0\xce\xb2\x20\x51\x04"
	"\x20\x9a\x54\x13\x73\x7b\xc0\x78\xb0\xdc\x88\x3f\xfa\x7d\x08\x2f"
	"\x94\xee\xce\x4e\x39\xa7\xf7\x62\x4b\x38\xc4\xb7\xc4\x49\x7a\x40"
	"\x21\x66\x1b\xa5\xc3\x08\x82\x3d\xa9\x0b\xe6\x77\x8d\xda\x77\x65"
	"\x85\x54\xec\xbe\xc4\x7e\x5d\xec\xd9\x79\x19\x2b\xcb\x2c\xe4\x5d"
	"\x15\xab\xd0\x6c\xfa\x74\x10\x20\x8f\x06\xbe\x0f\x76\xbe\x82\xc6"
	"\x32\xa9\xb2\x7b\x74\x77\x2c\x30\x41\x96\x4f\x8f\x03\x9a\x44\xaf"
	"\x4d\xae\xd7\x1b\x7c\x95\x40\x0e\xbe\xb7\x05\x2e\xc9\x63\xf1\x0f"
	"\x43\xea\xce\xc3\xc3\xd0\x37\xa6\x27\xd5\x90\x52\x36\x08\x28\xe7"
	"\xa9\x1a\x1b\xf0\x8a\xc8\xf4\x42\xc5\x46\xaa\xd8\xc5\xf3\x3f\x4d"
	"\x85\x39\x91\x13\x8e\x9c\x97\xa9\xb8\x62\x63\x19\x50\x70\x94\xc0"
	"\x90\x28\x45\x8a\xac\xf0\x14\xc4\xfc\x10\x18\x80\xba\x3c\xf6\x57"
	"\xd4\x0e\xfe\x9d\x0d\x27\xa0\x54\x6c\xfc\xfd\x62\xf4\xc6\xe0\x1f"
	"\x83\x0a\x47\x9e\x93\x49\x7d\xd9\xae\x91\x37\x4e\xc0\x3d\x42\xf2"
	"\xd3\x30\x8e\xf1\xcf\x0b\x4f\xf8\x8f\x4b\xb1\x5e\xe2\xb2\x4b\x5d"
	"\xab\x95\xe2\x63\x99\x27\x96\x40\xac\x31\x82\xfb\x83\x1a\xaf\x51"
	"\x36\x44\x9b\x62\x00\x8b\x4d\x08\x98\x18\x09\x7a\x79\x6d\xe1\x8a"
	"\x26\xa9\x51\x89\x62\x92\xa1\xf3\x53\x22\x4c\xda\x6e\xd6\x46\xd2"
	"\xea\x1c\x1e\x20\xd5\x05\x9c\xaf\x2a\xa7\x51\x31\x8d\x79\xc1\xd4"
	"\x6b\x8d\xee\x74\x8e\x9e\xa4\x3b\xe3\xe0\x31\x00\x38\x37\xca\xd0"
	"\xc0\x4a\x08\xd8\x9e\xaa\xc9\x41\x27\x41\xa2\x06\xfb\x43\x91\xc0"
	"\x51\xb6\x58\xd5\x9a\x23\x9a\xe9\x13\x30\x78\x37\x31\x63\xc6\x34"
	"\x12\x82\xd8\x73\x90\x17\xa1\x57\x80\xab\x01\x04\xf9\x72\x69\xad"
	"\x2c\x6b\x85\x43\xa2\xd8\x71\x91\xbb\x88\x8e\x8f\x85\xc0\xe9\xf9"
	"\x1b\x2c\x4e\xb5\x4c\x71\x1e\x90\x8d\xeb\x68\x24\xa0\x71\x81\x1b"
	"\xf9\x99\xb3\x59\xad\xf4\x7c\x57\x57\xbf\xcc\x75\x6d\xcb\xc0\x77"
	"\xf4\x7c\x4f\x2b\xdf\x77\x97\x5a\xf9\x68\xc0\xe6\x6b\xf3\xb8\x86"
	"\xf6\xf3\x1c\x0d\x20\x14\x3b\x33\x7b\xc5\x97\xc8\x1b\xd0\x46\x08"
	"\x12\xa5\x5a\x32\x73\xba\x87\x14\xaa\xc8\xfd\x42\xa3\x69\xa1\xed"
	"\x2f\x75\xad\x50\x38\xee\x46\xd3\x8a\x45\x40\x3c\x17\x09\xd9\xdc"
	"\x00\xa2\xc0\xdd\x60\x4f\xd8\x7b\x45\x75\xff\xc6\xf9\x8c\x3b\xd6"
	"\x2e\x72\xac\x4d\x65\xc4\x8c\x1e\x97\x8f\x06\xa2\x74\x6c\xfc\xfc"
	"\xf2\xfc\xfa\xef\xdf\xac\x7f\x4a\x93\x2f\xdf\x6f\x17\xed\x03\xa7"
	"\x9f\xaf\x90\x03\x76\xe6\xf1\xe4\xe2\xb7\xeb\x93\x83\x7f\x4e\x87"
	"\x32\x5c\x4b\x68\xba\x80\x3f\x70\xec\x52\x53\xf2\xe3\xa8\xca\x91"
	"\x1b\x37\xc9\x2f\xf9\xac\xb5\x26\x79\xf7\x90\xf1\x25\x67\x75\x34"
	"\xf4\x23\x6e\x38\xb0\x49\x91\xd3\x58\x7d\xb4\x27\xb3\x9c\xe4\x76"
	"\x97\x53\x75\x14\x6a\x06\x29\xb7\xe3\x6c\xab\xd3\x8f\xbc\xf0\xdd"
	"\xd5\x7a\xb6\xd1\x8b\xf7\xe7\x6f\xdf\x94\xab\x93\xa1\x5b\xf9\x78"
	"\x42\xee\xbc\xcd\x27\xe1\xa1\x15\x6e\x2a\xa6\x5d\xcc\x4d\x52\x01"
	"\x1e\xa8\xb0\x11\xb7\x98\x83\x90\x02\xd5\x3f\x3b\x52\xa0\x41\x56"
	"\x9a\x41\x24\x28\xd8\x91\x21\x69\x33\x14\xa4\x7e\x82\xec\x50\xdd"
	"\xf3\x01\x55\x8d\x64\x33\x3f\xff\xb8\x3c\x7e\x7e\x39\x7f\x2c\x2e"
	"\x4d\x5b\x5f\x15\x39\x39\x5f\xbe\x3e\xc3\xa6\xba\xdd\xc8\x2c\x7e"
	"\x83\x2e\xb9\x3c\xbe\x7f\x3b\x5f\xa6\x5a\xdc\x37\x7e\x4e\x12\xce"
	"\xb0\x5c\x17\x6a\x53\x10\xd1\x4f\xc4\x8c\xcb\x48\x82\xb8\xa3\x29"
	"\xb0\x84\x16\x58\xc6\xe9\xc6\xf4\x65\x5b\x48\xf4\x36\xdf\xa8\x4c"
	"\xfc\x37\x11\x06\x4c\x32\x77\x0e\x4e\xc5\x34\x3a\x3d\x4e\x01\xaa"
	"\xfa\x57\x7b\x06\x06\x23\x56\x8d\xfe\x2d\x99\xb8\x5d\x2f\xd9\xc5"
	"\xa1\x4c\x42\x9a\x57\x58\xf9\x77\xf9\x43\x0a\xd6\xbf\xb7\x9a\x48"
	"\xbe\xb2\xe0\xac\x21\xc2\xcb\x18\x02\xa1\x51\x85\x42\xd4\x01\x35"
	"\x97\x78\x45\x97\x74\x52\x7a\x05\x0e\x83\x78\x99\x01\x3c\x28\xac"
	"\x1a\x39\x38\x0a\x89\xcd\x98\x17\x01\xdc\x40\x5c\x9b\x19\x08\x9d"
	"\xe1\x35\x20\x1d\x02\x61\x80\x3e\xcc\x13\xbb\xec\x0d\xff\x78\xbf"
	"\x3c\x2d\xff\x31\x04\x08\x66\x91\x1e\x02\xf5\x57\x2d\x71\xf4\xab"
	"\xbe\xb6\x00\x99\xf4\xe4\x80\x97\x1c\x85\x25\xd9\x9d\x09\x08\xc2"
	"\xe2\xb9\x4b\xa1\x36\x98\xc5\x00\xc8\x92\x62\xd7\x6b\xca\x98\x0e"
	"\x67\x24\x33\xe4\x51\xb4\xfc\x21\xbd\x2e\x19\xad\xc7\x71\xf3\xd5"
	"\x5a\xe7\xc7\x89\x33\x40\xff\xb2\x0a\x6a\x3a\x63\x6b\x76\xbf\x23"
	"\xdb\xad\xfb\x89\x22\xd9\x7a\xae\xa0\xca\x47\x3c\x1f\x3b\x48\xc8"
	"\xd1\xb4\x2c\x43\x08\x12\xf8\x62\x00\xf1\x90\x3b\xb5\x0e\x72\x78"
	"\x88\x7d\xd7\xd3\xd7\x37\x26\x95\xb7\x41\xb6\x49\x1d\x26\xe7\x6e"
	"\xe0\x18\xca\x62\x3c\xb2\xec\xa5\x7f\x03\xc6\xbe\x45\x10\xe2\x7b"
	"\xd3\x81\x2a\x01\x71\xb5\x88\x2c\xd8\xa1\x91\x6b\x14\xcc\xd2\xbb"
	"\x01\xe4\xdc\x02\xba\x05\xe3\x1b\x7a\x63\x65\x15\xbe\xbe\x33\xb6"
	"\xf7\x8e\x7d\xa7\x45\x70\xb1\x61\xd9\x20\x79\x4b\x3a\xcc\x2e\x46"
	"\xe3\x0f\xf6\xbd\x2e\x14\xd9\x32\x42\x5c\x24\x4c\xdc\x50\x8a\xad"
	"\xef\x2a\x1a\x3b\x4b\x5b\x3f\x1e\xf2\xa3\xef\xab\x6e\x2f\x4d\x8c"
	"\x8e\x8c\x99\x06\x2d\xb4\xe8\xc6\xdc\xe8\x9b\x95\x79\xc8\xda\x66"
	"\x88\x6b\x84\xac\x1c\x33\xc4\x3c\x37\x6c\x96\xe6\x41\x6d\xe9\x87"
	"\x50\xbe\xc1\xe2\xdb\x5e\xbb\x6e\x65\xee\x5d\xcf\xb2\x6e\x98\x3c"
	"\x56\xfe\x0d\x93\x90\x6d\x1a\x3e\xb6\x65\x18\xd0\x71\x90\xad\x37"
	"\x2e\xb2\x28\xcd\xc4\x11\x06\xfd\x79\x7c\xfd\x72\xcb\xe4\x1f\x72"
	"\x07\x73\x14\x56\x6b\x68\x52\x64\xa1\x47\x9b\x60\x7a\x89\xd3\xbf"
	"\x3a\x31\xd6\xc3\xb2\x7d\xcf\xa4\x20\x58\xbe\xc9\x21\xc4\x35\x6a"
	"\xa2\xe7\xbb\xf5\x8e\xc4\x2c\x7a\x30\x21\xd7\x2b\xd3\xe0\xb0\x57"
	"\x4b\xfd\x10\xe3\xc5\x9d\xb5\x2e\x88\x41\x51\x56\x7e\x61\xf8\x7a"
	"\x80\x38\xae\x11\x82\x04\x71\xea\x21\x3c\xf6\x6c\xc3\x47\x6d\xef"
	"\x57\xbe\x41\x69\xf3\xcc\x0d\x0c\xa3\x0c\x14\x42\x3f\x82\x3e\x3d"
	"\x24\xf7\x71\x36\xd1\x98\xb7\xd7\xdf\x61\x1f\x65\xd0\x97\x2c\x5a"
	"\x1a\xe6\x79\x40\xe8\xab\xb8\x2b\xc4\xff\x8d\xd6\x82\xb1\x90\xd8"
	"\xaf\xaa\x6a\x6c\x97\xc9\x7e\x4d\x8e\x5c\xdf\x46\xeb\x91\xdb\x5e"
	"\x1f\xfa\x89\x9f\x5f\x3f\xde\xde\x4d\x5f\x38\x78\xb8\x0f\x9b\x5e"
	"\xa4\x92\xa4\x2c\x52\xb8\x5f\x19\xbe\x67\x57\xe9\xe3\x8b\xb5\x30"
	"\x26\xd7\x77\xea\xd7\x84\xa7\x3d\x15\xf1\x3f\x16\x80\x69\x1e\x53"
	"\x41\x84\xdc\xe3\x4a\x66\x52\xa0\xb5\x19\x04\xe5\xe9\x67\x42\x23"
	"\xae\x72\x53\x25\xa2\x08\x3c\xf6\xcc\x89\xd0\xcc\x7d\x88\x3c\x35"
	"\x24\x31\x1c\x3e\x47\x4b\x1f\x49\xa8\x7b\xaa\x49\xc5\x40\x32\x92"
	"\x17\x12\xa2\xd5\x63\xb2\x65\x5a\x08\x70\x1a\x26\xc8\x0e\x26\x16"
	"\x56\x99\xe8\x82\xe3\xfc\x80\xc8\x22\xc7\x59\xd6\x98\xf0\xc6\x3d"
	"\xcb\xc4\x6e\xc6\x01\x8a\x92\x2e\x96\x5b\x12\xeb\x01\x07\xf8\x84"
	"\x3a\xde\x23\x9e\xef\x57\xcc\x8c\x1e\x49\xe6\x3e\x93\x4d\x38\xb8"
	"\xc9\x1e\x50\x1b\x9d\x50\xf4\xe5\x84\x37\x78\xcb\xab\xe7\x52\x74"
	"\x40\x0d\x82\x97\xe7\xf3\xeb\x45\x51\x7a\xc2\x1f\x12\xb1\x4d\xc6"
	"\xdb\x4a\xd0\x67\xf7\x37\x82\xbe\x2d\x77\xd3\xc0\x0a\x52\x1e\xb8"
	"\x87\x2a\xb7\x83\x27\x49\x9f\x57\xb2\xb2\x9a\xf1\xf9\xee\x2e\x4f"
	"\x47\xef\xaf\x20\x34\x2c\x12\xf6\x15\x78\x19\x8c\x5f\xb1\x73\x66"
	"\xf9\x3d\x8a\x09\xc5\x56\xd2\x84\x21\x48\xf0\x59\xe0\x71\x9a\x07"
	"\x29\xb2\x69\x93\x75\x08\x98\xfe\xb5\x9f\xc0\x24\xb4\xa8\x70\x01"
	"\x79\x89\xbd\x3c\x11\xdc\x78\xe7\x21\x01\xfa\x24\x17\x3c\x8f\x0f"
	"\x24\xa7\xf0\x95\xb3\xa8\xe3\x0e\x39\xdb\x82\xa9\xa3\x4b\x74\x36"
	"\x9b\xc3\x2f\x2f\xa0\x00\x9a\x94\xc3\x1e\x69\xc9\xd8\x0d\x55\xf7"
	"\xab\x58\x2d\xb4\x8d\xd2\xf1\xf4\xfe\xf6\xf1\xf6\xf5\xb2\x38\xfc"
	"\xfa\x71\x7e\xff\xfd\xb8\xf8\xf6\xf3\xfc\x71\x99\xf3\x5b\x39\x8a"
	"\x46\x6f\xe6\xc8\xf6\xc0\x68\xee\x1a\xaa\x20\x70\x93\x3c\xac\x5c"
	"\x96\x33\x1e\xdb\x70\xb5\x3f\x5b\x39\x31\xce\x68\xc8\x90\xb5\x24"
	"\xf2\xad\x8d\x5d\x62\xcc\x88\x6d\xd1\xdf\xad\x6d\x67\x8b\xac\x50"
	"\xfe\xda\xc2\x64\xfa\x96\xef\x53\xac\x3c\xee\x8e\xb6\xc2\xcd\x11"
	"\x83\x68\xd4\x8f\x4b\xfb\x30\xbb\x5f\xcf\x24\x8b\x3c\x3d\x9d\x5f"
	"\xce\xef\x6f\xdf\xcf\x97\xd1\x2a\x47\xc4\x60\xb3\x3c\x1b\xf1\xf9"
	"\x6f\xb9\xea\x73\xb2\x46\xe2\xeb\xe3\xcb\xdb\xb7\xc5\xe5\x6d\xf1"
	"\xe5\xf9\xdb\xf3\xe5\xf1\x05\x0e\x30\x45\x91\x53\xf9\x6b\x0f\xc9"
	"\xb4\x26\x58\x6b\x64\x33\x2a\x58\xbe\x85\xfe\xca\x42\xdc\x89\x05"
	"\x6b\xe4\xe6\x3b\xac\x6a\x57\xcf\xcf\xcf\xbf\x7f\x79\x7e\x3f\x3f"
	"\xc1\x44\x85\x56\xba\x58\x8f\x42\xce\x37\xec\xc7\x1f\x8f\x4f\x42"
	"\xc8\xeb\xd3\xf9\xa6\x2f\xb7\x5c\xf4\xf3\x2c\x17\xfd\x86\xf5\x6a"
	"\x5a\x72\x28\x6b\x2c\xfe\x69\x4a\xe4\xbf\x5e\x2f\x7f\x9e\x3f\x9e"
	"\x47\x05\x6e\x7c\x07\x93\x2a\x58\xab\x69\x88\x8a\xf3\xe5\xaf\xb7"
	"\xf7\x7f\xcb\x16\xfa\xf5\x7f\xe7\xf7\xff\x5a\xb0\xef\x3f\xce\x5f"
	"\xe4\xf7\x05\xc8\x47\xb9\x1b\x67\xba\x51\x26\xa2\x35\xff\x73\x5e"
	"\x9c\x5f\xcf\xff\x4f\xda\xb5\x35\x37\x6e\x23\xeb\xbf\xe2\x9a\xa7"
	"\xdd\xaa\x93\x0d\x2f\xa2\x44\x3d\xcc\x03\x04\x52\x22\xc7\xa4\x08"
	"\x13\xa4\x2c\xcf\x0b\xcb\x63\x2b\x33\xaa\x8c\x2d\x1f\x5f\xf6\x64"
	"\xf6\xd7\x1f\x34\x40\x4a\x04\x88\xa6\x94\xda\xe4\x21\x31\xfa\x13"
	"\x88\x3b\x1a\x40\xf7\xd7\xaf\xdf\x7f\x5d\xc9\x51\x06\xa3\x30\xa5"
	"\xfa\x6f\xe3\x59\x18\x0c\x4b\x51\xee\xde\x0e\x3f\xe1\xdd\xe7\x82"
	"\x26\xf5\xf8\x1c\x6b\x52\x4f\x9c\x5c\x5c\x67\x24\x1a\x71\x80\x0a"
	"\xb7\xab\xe1\x06\xc9\x5f\x76\xf7\x7f\x7e\xbc\x40\x49\x44\xf1\x76"
	"\x57\x6f\x2f\xbb\xdd\xc3\x0f\x2d\x00\x8d\x5a\x61\x9a\x01\x47\x64"
	"\x3b\xea\x1e\x5f\x0f\xfb\xc7\xd3\x4e\x48\x78\xa2\x6e\x2d\x4f\x65"
	"\x6e\xbd\x0d\x36\x46\xe4\x23\xc3\x92\x48\xf2\x66\x68\x4c\x92\x06"
	"\x33\x21\x44\xbd\x87\x1b\x55\xb1\x91\x25\x31\xf2\x70\x0f\x18\x4a"
	"\xca\x4d\x5c\xd4\xd5\x19\x54\x52\xaf\xaf\xcf\x40\x84\x26\x32\x0a"
	"\x58\x16\x25\x8d\xa5\xc2\x82\xee\xf3\x00\x93\x06\x44\xb2\x7e\xd2"
	"\xa8\x00\x98\x76\x84\x0a\x88\x38\xb2\xc3\x0f\x58\x51\x64\x4a\xa5"
	"\x2e\x63\xa1\x54\xd8\x6c\xa2\x01\x56\x2e\xd2\xb5\x2c\xa0\xd6\x64"
	"\x2a\xb9\x58\x67\x77\x50\xbe\x46\xbe\x04\x34\xe1\x6a\x61\x01\xc1"
	"\x6f\x9b\x78\x4b\x63\x66\xb2\x40\x76\x9d\xbe\x28\x30\xf6\x59\xa1"
	"\x46\x37\x42\x85\x9e\x79\x13\x44\x4d\x5e\x21\x2d\xb2\xe2\x0d\x44"
	"\x32\x5a\x14\x18\xbf\xc8\x3a\x15\xbd\xcc\x19\x29\xb1\xed\x2b\x87"
	"\xbe\xc9\xae\x9b\x6d\xb6\x86\xd0\xb6\xd7\xb7\x5f\x91\x32\x42\xb4"
	"\xf4\xa5\xfd\x2b\xb7\x69\x46\x5d\xc7\x71\xa4\x09\xd7\x19\x04\x66"
	"\x78\x83\xd1\x66\x5c\xf3\x19\x76\xe5\xb7\x2a\xe3\x3b\xcc\xd4\x8e"
	"\xa5\x13\xcb\x9a\xb3\xba\x7f\xfb\x73\xf7\x6e\xa3\x20\xe9\xfa\x68"
	"\x45\xf8\x75\x5c\x89\xf1\x45\xf2\xf8\xb6\x40\xc2\xbf\x0b\xe5\x1f"
	"\x8e\x2d\xa2\xed\xd3\xa5\xbd\xbe\x71\x59\x80\x01\x30\xb7\x31\xfc"
	"\xa8\x28\x06\x03\x23\x44\xe9\xc4\x34\x34\x0c\xd5\x92\x1b\x28\x52"
	"\x8f\x72\x2f\x96\x24\xfe\xc7\xab\xa3\xfb\xa7\xb7\x0f\xb1\x84\x92"
	"\x05\xbd\x2a\x06\x4a\xb5\xc0\x0a\x81\x0d\x9b\x7c\x7c\x43\xf1\xe0"
	"\x08\x88\xfd\x46\x2c\xf7\xcf\x72\x87\x11\x6b\xb7\xf8\xcf\x58\x16"
	"\x60\x14\x1d\x61\xf9\x2c\x0e\x87\x77\x58\xfa\xab\xfd\x93\xd8\x43"
	"\x7e\xec\x1e\xfe\x1c\xcf\x0b\x46\x3b\xfd\x1b\x99\xed\xc4\x9f\x4f"
	"\x60\x7b\x7c\xca\x55\x33\x4e\xd2\xf2\x85\x33\xb1\x7d\xb4\x15\x59"
	"\xb4\x4c\x11\xeb\x21\x9a\x94\x42\x13\x3c\xd2\x5c\x0d\xfb\xfd\xe6"
	"\xe3\xfe\xe7\xc3\xe1\xe9\xe9\x4a\x34\xd5\x8f\xe7\x83\x50\x2e\xf6"
	"\xbb\xb7\xab\xfd\xf3\xc3\xbf\xae\x84\xc2\x0d\x3b\xc5\xc3\xfe\x8f"
	"\xfd\x43\x3b\x34\x87\xae\x89\xa0\x95\xc7\x5b\xa1\x5d\xab\x73\x8e"
	"\x61\xb4\x5c\x8a\xe3\x7f\x3f\xba\x33\xd3\x43\xea\xb1\xa3\xd2\x0b"
	"\x87\x51\xfb\x41\xb2\x0f\x5a\x47\x0c\x80\x3d\x2e\xc8\xbe\xfd\xbb"
	"\xf8\x03\xcc\x4f\x52\xc9\xb6\x08\xaa\x3e\x2c\x81\x3d\xd7\x81\x94"
	"\x11\xcd\xb3\x5f\xfc\x8d\xbe\xcc\x81\xec\x36\x4a\x61\x9d\x12\xe3"
	"\xdb\x08\xe7\x5c\xe6\xe2\x90\x33\xc8\x0e\x5c\x46\x44\x9a\xed\x4e"
	"\x05\x5c\x44\x40\x66\x7c\xdd\x6f\xf2\x24\x85\xa7\xbb\xed\x9d\xbd"
	"\x08\x1d\x20\x15\x5d\xd8\x5a\x00\x6b\xd5\x69\x6a\xcd\x78\x19\xfa"
	"\xc2\x75\x09\xe6\x99\xa5\xb5\x9c\x3a\x89\x8b\xa3\x62\xd3\xa7\x6f"
	"\x96\xdf\x14\x6d\x18\xd5\x39\xb3\xa7\xca\xcf\x4e\x9a\x00\x91\x82"
	"\x27\xa3\x18\x0e\x25\x5c\xe1\x44\xd0\xff\x2b\xfe\xf9\xe8\xf9\x28"
	"\x56\x71\x78\x78\xcc\x8a\xe2\xba\xee\x93\x14\x93\x4d\x2c\x97\x7a"
	"\x56\xc6\x62\x43\xe8\x15\xe7\xb4\x0d\x1c\xa3\xd9\xa9\xc0\x87\xf4"
	"\xe7\x41\xcc\x9f\xe5\xeb\xfd\xd3\x0e\x94\xbe\xfe\xc4\xe9\x6d\x1d"
	"\x30\x06\x48\x95\x22\x7b\x30\x20\x12\x1e\x5d\x9f\xdb\x80\x80\xc7"
	"\x7e\x82\xd8\x43\xf5\x60\x3c\x0d\x30\x2a\x7b\x1d\x85\x18\xd0\xe9"
	"\xa0\xc9\x25\x20\x24\x1c\x42\x0f\x44\x23\x1a\xcf\x90\x23\x8b\x01"
	"\x9b\x7b\x67\xab\x48\x39\x44\xfb\x6c\x90\xe0\x97\x80\xb8\x29\xca"
	"\xf4\xc6\x32\xfc\xfa\xfb\x39\x5c\x20\xf4\x47\x6d\x4f\x86\x59\x96"
	"\xf5\xfb\x94\x06\xe8\x6d\x53\xc4\xa9\x6d\xec\x18\x0c\x51\x12\x4b"
	"\x02\x9f\x65\x99\x91\x08\x58\xc2\x28\xef\x62\x40\x59\xc4\x25\xcb"
	"\x35\xb6\x64\xc2\x6e\x9a\x15\xa5\x4d\xe8\x84\xf6\x1e\x03\x40\x9e"
	"\x8f\x21\xd2\x36\x8b\x89\x83\x84\x86\x49\x8f\xdf\x40\x42\xe8\x02"
	"\x20\x3b\x07\x50\x39\x20\x0f\xe5\xb0\x72\x48\xc0\x14\x31\x2f\x3c"
	"\x02\xb0\xa7\xb2\x13\x60\x24\x87\x6c\x14\x10\xa9\x1c\xe6\x53\x37"
	"\x40\x01\xd9\x28\x40\x7c\x42\xb5\xf5\xfc\x6c\x35\x46\x1a\xa2\xcd"
	"\xe2\x5c\x53\xcd\xe7\x67\x01\xd3\x73\xdf\x98\x9f\x6b\xcc\x39\x12"
	"\xae\xa3\x6d\xab\x70\x12\xa0\x72\xb1\xf3\xc6\xc5\x19\x0c\xec\xda"
	"\x43\xc8\x71\xe7\xcd\xc5\xe6\x03\x34\xb1\xb0\x70\xa7\x3d\xff\x35"
	"\x28\x9f\x9c\x2c\x05\x6b\x39\x02\x8c\x82\x5f\x17\x6b\xa2\xa7\x76"
	"\xa5\x19\x4a\xda\x32\x0c\x05\x94\xe4\xd6\xf4\x15\xab\xed\x19\xc1"
	"\x5e\x6e\x95\xac\xfb\xbf\x38\x35\x80\x2a\x6b\x96\x56\x48\x90\xcb"
	"\x53\xa9\xc7\x30\xaa\x98\x63\x88\xb6\x86\x63\x10\x55\xa7\x31\xc4"
	"\xfa\x2c\xa2\xab\xff\xe8\x77\x84\x7c\x21\x34\x49\x2c\xa8\x5d\x57"
	"\x92\x71\x4c\x5b\xa1\x33\xa0\xb6\x38\x63\xa8\xe8\xd8\x7c\x64\x55"
	"\x20\x36\xab\x72\x9c\x76\x55\x3b\x03\x6b\x1b\x7a\x1c\x75\x41\x46"
	"\x6d\x77\x8c\x83\xd6\x97\x80\x8e\x23\x68\x00\xeb\xb4\x9f\x5b\x71"
	"\xf4\x5c\xeb\x1e\x4b\xa7\xb4\x6e\xef\x52\x1a\x8e\xd4\x7a\xf8\xe1"
	"\xe3\xd5\xa6\x89\x4b\x2b\x56\xf5\x0e\xa6\xa5\x08\xfd\x72\xd1\xd3"
	"\xa9\x48\x99\x2b\x62\xea\xce\xea\xd5\x9a\xde\xc4\x9b\x0a\x22\xc4"
	"\xf4\x55\x46\x03\x01\xd7\x17\x70\xec\x23\x65\x51\xaf\x7b\x4a\xbe"
	"\x7c\x1a\x2b\x4b\x52\x09\x55\x90\x38\x4e\x18\x84\x41\x9f\xba\x9c"
	"\xa7\x19\x70\x2e\x1d\x21\xee\xd4\x75\xe4\xbf\xda\x87\xa6\x93\x23"
	"\x40\x64\x30\xf7\x5c\x6d\xd3\xd5\x0b\xb2\xa1\x55\x6b\xb0\x69\xdf"
	"\x81\x05\x5a\x01\x39\x0b\xad\x54\x2f\x39\x49\xb3\x45\xb1\x35\x3f"
	"\x91\x27\x35\xf2\x3e\xa7\x0e\x53\x23\x00\xdf\x73\x9a\x5c\x64\x69"
	"\x2f\x50\xfb\x38\x89\xc9\xdb\xe2\x60\x44\x3c\x4a\x7f\x01\x35\x25"
	"\x65\x54\x5f\xe7\xb4\xb5\x38\x15\x0a\x50\xad\x1f\x5c\x54\xd2\xc9"
	"\x30\x55\xdd\x3d\xc0\x4d\xa7\x38\xe1\x49\xe1\x15\xbb\xff\xbe\x93"
	"\x06\xbe\x43\x1a\x4f\xf5\x6b\x78\x11\x59\x55\x40\xd1\x68\xe6\x7b"
	"\x92\x34\x19\x23\xb1\x7e\xab\x67\x01\x88\x93\x47\xb6\x34\x2b\x89"
	"\xff\x44\x74\xc9\x66\xc6\xad\xb7\x64\x06\x72\x49\x74\xa7\x4e\x2b"
	"\xe0\x6f\x7e\x5d\xfe\x44\x4c\x25\x71\x54\xa9\xb2\x05\x5a\x0a\xb9"
	"\x50\xe9\xb6\xbc\x9d\xa0\x25\x64\x27\x9c\x57\xe2\x50\x5e\xaf\x92"
	"\x91\xaa\x6c\x7a\x1b\x58\xb1\x54\xc9\x66\x73\xeb\x0f\xab\x55\x3a"
	"\xe8\xdd\xde\x50\xe6\xea\xf7\xda\xf0\x86\xb4\x66\xe3\xa3\x73\x46"
	"\xca\x2f\x68\x24\xd1\x1c\xf2\x61\x14\x37\x57\x3e\xe6\x06\x39\x49"
	"\x4a\x9c\x3a\x67\xd8\xc8\xce\xc8\xd7\x3b\x31\x05\x18\x4b\xfb\x81"
	"\x2b\x7a\xad\x6b\x26\x42\xa6\x5a\x83\xcb\x6c\xd4\x68\x1e\x5e\xcf"
	"\x3f\x1d\xde\x77\x2f\xaf\x87\x07\xab\x95\x44\x0c\x21\x15\xc0\x94"
	"\x76\xf8\xc3\x97\xa7\xb7\xef\xc3\x35\x57\x1c\x07\x78\xaf\x40\xf2"
	"\x4f\x49\x34\x6b\xa6\xa9\x03\x8a\xe4\x93\x5a\x8b\x23\xe9\x46\x9b"
	"\x1d\x03\x48\xc9\xac\xb6\xcd\x26\x8c\xab\x3b\x78\x54\xcc\x74\x77"
	"\x33\x0b\x00\x79\x21\x3c\x01\x79\x1e\x8d\x40\xd4\x13\x28\xaa\xc2"
	"\x0a\x10\x9a\x01\x87\x4d\x03\xb8\x08\x87\x8f\x15\xa2\xf9\xff\xc1"
	"\x7f\xbd\xbd\xef\x9e\xae\x0a\x71\xd4\xff\xb1\x7f\xf9\xe7\xe9\x1e"
	"\x2a\x32\x1e\x03\x9f\xe0\xc6\xea\x41\x6c\x8a\xd4\x7c\x27\x5c\xbc"
	"\x1e\xee\x1f\x1f\x0e\x4f\x86\xac\x57\x02\xa1\x9b\x94\x34\x17\x43"
	"\x72\x78\x1b\xba\x65\xbf\x2f\x5f\x77\xbb\xb7\x87\x7b\xb1\x12\xde"
	"\x1c\x5e\xc5\xa9\xd6\xf2\x89\xfd\xbf\xf2\xad\x2d\xfd\x78\xa9\xa6"
	"\xcb\xb4\xc3\xa4\x18\x9f\x60\x61\x17\x2d\x06\x43\x97\xb2\x9a\x8f"
	"\xcf\x91\xb2\x5e\x37\x37\x75\x5c\xc7\x92\x14\x99\x9b\x77\x40\x37"
	"\x8b\xaa\x49\x44\xe6\x19\xc2\x9a\xa7\x86\x00\x5f\xa4\x58\xfe\x62"
	"\x63\xa1\xc6\xe1\x37\xcb\x06\x49\xa0\x4f\x77\xe9\x7a\xde\xa0\x81"
	"\x4a\x09\xfe\x79\xa5\x0f\x9d\x01\x09\x05\x4a\x1c\x4d\xce\xe5\x04"
	"\x67\x42\x16\x97\xcb\xdc\xaa\x5f\x49\x4c\x1e\x55\x4d\x56\x90\x48"
	"\x77\xf3\x91\x57\x94\x6c\xc1\xb1\x5f\xdd\x88\xf3\x4f\x12\x67\x4c"
	"\xf3\x1c\x3a\x4a\xe4\x2d\xa0\x25\x3d\x5a\x52\xf3\xaa\x90\x56\x1a"
	"\xc5\xf2\x31\x11\xbd\x7e\x3c\x66\xa6\x58\xbe\x69\x91\x65\x84\xe9"
	"\xe1\xa2\xd4\x40\xc8\x2b\xe0\x87\xb1\x52\xc8\x28\x80\xba\xaf\xd0"
	"\x1a\xd5\x78\xb9\xeb\xe6\x39\xb2\xea\x28\x36\x36\x52\x66\x77\x4d"
	"\x29\xc6\xd4\xe0\x26\x45\xe4\x56\x94\x77\x72\xb8\x2a\xc7\x2f\xf3"
	"\x5b\x26\x71\x77\x2b\x60\x1e\xb3\x94\x82\xe7\x78\x47\xdf\xd2\x35"
	"\x50\x39\x56\x65\x66\xf5\xd4\xad\x6a\xd6\x70\xde\x52\x24\x48\x8d"
	"\xaf\xa8\xab\x7e\x1c\x20\x21\xe3\x77\x1c\x2e\x85\x34\xc8\x67\xb8"
	"\xd4\x72\x34\x54\xbd\x00\x37\x90\x11\xd4\xd1\xbd\x65\xf0\x41\xb3"
	"\x9e\x31\xad\xcb\xb8\x25\x77\xd3\x95\x35\xb5\xdb\xe8\xf4\x2e\xd2"
	"\xc6\x45\xd9\x83\x88\xf1\x4a\xc1\x59\xce\x2e\x1c\xbe\xc7\x48\xa9"
	"\x2c\x38\xbc\x9d\x96\x62\x53\x24\x7d\x2d\x00\xc4\x2c\xcd\x0c\xbc"
	"\x6a\x8e\x1b\x19\xf7\x3e\xcf\x07\x68\x59\xbd\x53\xac\xc7\x9e\x10"
	"\x9e\x24\x8e\x8b\x4f\xbf\xc2\x91\x98\x8c\x83\x61\x10\xd7\x91\x39"
	"\x6a\xd2\x75\xaa\x5f\x32\x77\x29\x70\xdf\xda\xc4\x10\x67\x2c\xe6"
	"\xd0\xe8\xc6\x20\x20\xac\x44\xf7\x1b\x20\xda\x87\x85\x6f\x65\x71"
	"\xe8\xd6\xef\x56\x32\x12\xa5\xd2\x13\xf1\xef\xa1\xe3\x12\x5d\x92"
	"\x97\x9c\x4c\x26\xa1\x03\x96\xd3\x46\x55\x6f\x49\x45\x93\xa8\x58"
	"\x0d\x9b\x45\xbd\x2c\xdf\x82\x6c\x91\x56\x10\x41\x41\x0d\x2c\x33"
	"\x03\x00\xa4\x2c\x6d\x49\xf1\x0d\x29\xe8\x53\x9c\x92\x4c\x53\x97"
	"\x8e\x92\xd3\x76\x9d\x18\x5d\xcf\xf4\x4b\x51\x1e\xc7\x92\xb4\x22"
	"\x2d\x6f\x4c\xa0\x98\x74\x75\x95\xf6\x0d\x2e\xfb\x68\xf0\x4d\x8f"
	"\x56\x66\xa9\x56\x6d\xf4\xb0\x41\x5a\xc3\xae\x2b\xdb\x5a\xd0\xf0"
	"\x2c\x8e\x99\x6d\xa9\x80\x19\x32\xf8\x88\xec\xee\x88\xb3\xd3\xaa"
	"\xde\x53\x84\xdb\x39\xc0\xf2\xc1\x87\x68\xba\xde\x14\xd7\x46\x3e"
	"\x92\xb0\xcc\x3c\x0e\xcb\x19\x60\xcc\x08\x78\xce\x37\x07\xbd\x9e"
	"\xde\x2c\xd3\x52\x9c\x13\x16\x35\xbd\x16\x7b\x03\x84\xa3\x70\x10"
	"\xa0\x82\x34\x3c\x49\x97\x62\x6d\x19\x07\x51\x08\x8c\xf7\xd9\x75"
	"\xf4\xa9\x7e\x8a\x8a\x60\x7c\x16\xde\xb3\xd5\x3f\xfd\x46\x91\xca"
	"\x98\x04\x6b\xdc\x2a\x20\x8a\xa2\x52\x13\x69\xa3\xff\x4b\x45\x56"
	"\x9b\xd0\x36\xec\x2b\x31\x08\x78\x92\x9f\xfa\xa6\xcf\x8d\xa0\x4c"
	"\xf5\xe4\xd2\xd2\xae\x59\x08\x09\x28\xec\xdc\xe2\x30\x0d\xf4\x39"
	"\xbd\x52\x81\xed\xaa\x3a\x4a\x35\x34\x4b\x15\xa1\x9c\xa6\x23\x41"
	"\xdf\x97\x66\x07\xdf\x24\x71\xdc\x85\x8e\x80\x32\x30\x08\xcd\x41"
	"\x4d\xb3\x07\x95\xc1\x56\x0c\xe0\x98\xd8\x5f\x7f\x52\xd8\x69\x2c"
	"\xe5\x85\x8f\xca\x71\x2a\xd6\x57\x2a\x8e\x82\xa5\xc6\x08\x31\x94"
	"\x4a\xdb\x0c\x22\xd2\xed\xc6\x13\x47\x3c\x7e\x74\x82\x67\x60\x59"
	"\x57\xb1\xe0\x37\xb4\x04\xef\x6a\xec\x1d\x58\x06\x30\x1e\xda\xfe"
	"\x6c\xf7\x3f\xf7\xcf\x7f\x61\x4a\x70\x6b\x2e\xbc\xa1\xb5\xa5\xba"
	"\x0c\x2e\xde\x36\xcb\x32\xbe\xe9\xee\x0a\xda\x3f\xaf\x56\x07\x91"
	"\xd1\xf3\xa1\xaf\xd5\xb6\xa2\x66\x55\x6c\xba\x08\xc8\xc5\x3a\x8a"
	"\x41\xc9\xed\x59\x6a\xf7\x40\xd6\x8e\xd7\x00\xa0\xfb\x70\xb2\x41"
	"\xc4\xe0\xa6\xce\x19\x41\x7f\x2d\x0e\xda\xe9\x66\xb0\x5a\xa6\xc0"
	"\xf8\x73\xab\x85\x6a\x93\x77\x3d\x71\x9e\x11\x88\xc2\xb4\xb6\xe7"
	"\xa6\x7e\x7c\xdb\x24\xb7\xe3\x10\x4a\x68\x12\x8f\xa1\xd4\x87\xec"
	"\x32\xe8\xe8\xcc\x37\xdb\x3a\x32\xcf\x0f\x83\x8f\x92\xa8\x8c\xd7"
	"\x45\x53\x7d\x1d\x29\xd8\x8a\xd5\xa2\xf8\x83\x7a\xab\x3d\xbb\x05"
	"\x2f\x6f\x87\x19\xb4\x5d\xa9\xd1\xd7\x69\x3f\x12\xff\x5d\xdc\x8e"
	"\x64\x7a\x53\x70\x55\xe1\xd3\xb8\xef\x8f\x14\xb1\xec\xa4\x14\x63"
	"\x68\x39\x0d\x40\xb5\x48\xdb\x1c\x8f\xb7\x15\x95\x95\x92\x6d\x16"
	"\xff\xf5\xfe\x70\x78\xee\x62\x66\x59\xf8\x92\x14\x5c\xb4\x18\x6d"
	"\x4c\x4e\x7a\x1d\x01\x7e\xf2\xda\xeb\xbe\x4a\x86\x50\x64\x3e\x12"
	"\x5c\xa9\x85\xa8\xad\x06\xde\x4e\xf2\x94\xd3\x31\x64\x59\x85\xf3"
	"\x99\x4f\xc6\x20\x3c\x0f\x02\xc7\xc3\x8b\xd9\xf1\x3d\x1b\xab\xaf"
	"\xd0\xc8\x6d\xb7\x4b\x3a\x4e\xfc\xd9\x2a\xa6\xf6\x45\x10\x0c\xd2"
	"\x5b\xca\x40\x14\xd0\xfa\xd2\xa3\x72\xde\x05\x30\x1c\x43\x58\x32"
	"\xb9\xd0\xd2\xd7\x1d\xb3\xf4\x45\x42\x65\x91\x68\x9b\xf9\xe2\x54"
	"\x09\x8e\x6c\x63\x72\xec\x76\x64\x91\x13\x17\x31\xf5\x15\x22\xcf"
	"\xc3\x44\xd4\x0d\x1c\x15\x16\xc6\xbe\x1b\x10\x8c\xd6\x37\x22\x3e"
	"\xe2\xa2\x16\xe5\xa4\x8c\x90\xe7\x7d\x25\x9b\xe3\x32\xc4\x78\x4d"
	"\x76\x7b\x59\x00\x05\xaa\x2a\xad\x85\xa8\x53\xef\xc0\xaa\xc5\xf9"
	"\x60\x7a\x66\xb7\x95\xdb\xf2\x68\x8e\x48\xe8\x97\x6b\xd7\x71\xed"
	"\xd7\x90\x39\xf5\x3d\x1f\xa3\xa5\x22\xb3\x49\x80\xf7\x62\x27\xc7"
	"\x09\xb5\xc8\x0c\x7d\xec\xce\x49\x38\x41\x6c\x9a\x85\x6c\x1e\x04"
	"\xee\x88\x0c\xa9\xca\x96\x4e\x1c\xc4\xe7\x55\xc8\x84\xaa\x88\xbc"
	"\xd2\x52\xe2\x3b\x18\xc1\x5e\x75\x1d\xfa\xae\x87\xca\x16\x24\xf8"
	"\xaf\x8c\xdd\xbd\x29\x6a\xb6\xee\xcd\x5d\x5c\x14\x62\xa2\xc9\x0c"
	"\xb7\x9e\xc7\xbf\x35\xc3\xbf\x35\x9b\xfb\xa8\xcd\x7d\x38\xc3\x44"
	"\x73\x0f\xfd\xd5\x1c\x61\xfc\xa1\xd2\x4a\xd4\x85\x8d\xc3\xbe\x5c"
	"\xaf\x37\x71\x56\xb0\x8e\x03\xb3\xc0\x62\xbf\x87\x13\xc4\xdf\x32"
	"\xd9\xce\x90\x49\x9e\xae\x89\xb7\xdd\xa2\x5f\xce\x2a\xea\x4d\x66"
	"\x2e\x2e\xc3\xa8\x9c\x40\x86\x90\xad\x8b\x5d\xce\xc5\xdc\xcc\x41"
	"\xe6\x62\x94\x8f\x4a\x18\xa2\x32\x8c\x1b\x00\x6c\xac\xa6\x48\xfd"
	"\x73\xca\x7c\x0f\xa1\x89\x00\xd9\x04\x21\x49\x58\x93\x7a\x16\x5a"
	"\xf7\x4e\xb9\x43\x6f\x40\x07\x30\xa3\xf6\x9e\xf6\x6e\x21\x0d\x86"
	"\xf7\x53\x20\x49\xb1\x9e\x38\x41\x36\x18\x84\x47\x52\xf5\xc8\x8b"
	"\x68\x84\x24\xab\x92\x5f\x77\x42\x97\x8e\x8a\x11\xf7\x88\x4e\x3c"
	"\xe1\x0e\x42\x55\xa6\x10\xae\xe7\xfa\xe1\x98\xdc\x09\xb9\xeb\x78"
	"\xa3\x39\x84\xdc\x09\x46\x11\x53\x97\x4f\x11\x7a\x0a\x89\x10\x5f"
	"\x40\x6c\x79\x94\x78\x36\x47\x1c\x1d\x94\x38\x9c\x86\x68\x15\xaa"
	"\x8c\x4e\x02\x24\xaa\xdb\x66\x39\x75\x1d\x73\x46\xf5\x57\xc7\xe5"
	"\xeb\xe1\xf9\xfd\x2a\x7e\x7e\xd4\x96\x44\xd8\xed\xca\x18\x2e\x5b"
	"\x86\xaf\x16\xe4\xe9\xe5\xe7\xfe\x8f\xfd\x60\x11\x0d\xfd\xa9\xc5"
	"\xf7\xe6\xc7\xee\x49\xc6\xfb\x50\x5e\xbb\xfa\x4f\xaa\x8c\xf0\x86"
	"\x25\xad\x9f\x2e\xa2\x4c\xc4\x53\x44\x59\xa0\x94\x87\xd8\x42\x42"
	"\x6e\xd0\x50\x94\x9b\xaf\xe1\x7c\xc8\x63\x96\xec\x1f\x3b\xc7\x62"
	"\x70\xc8\x52\xc6\x97\xdd\x23\x07\x17\xc7\xda\x56\x78\x14\xe8\x8a"
	"\x01\x9c\x6f\x65\x25\x8c\xb8\xcf\xad\x25\xe7\xc7\xf3\x7b\xef\xcd"
	"\xa4\x73\x07\x12\x1b\xd3\xbd\xea\x04\x6c\x5f\x0a\x1c\xc4\xad\x56"
	"\x88\xfc\xa9\x83\x8a\x50\xff\xac\x60\xe2\xb9\xa8\x68\x32\xc5\x45"
	"\x98\x82\x19\x04\x73\xaf\xc4\x65\x3e\x2e\x73\xd0\x9a\x4d\xbd\x49"
	"\x89\x6a\x33\xb0\x98\x4f\x51\x7f\xa9\x60\x1a\x4e\xd1\x9f\x82\x78"
	"\x3e\x1d\xd1\x86\x83\x19\xa2\x9a\x48\x51\x88\x8a\xa6\x2e\x2e\x42"
	"\x6b\x39\xb2\xd7\xfb\xa8\x5f\x5f\x18\x22\x07\x81\x88\x15\x15\x50"
	"\x1a\x22\xd7\x2f\x93\x09\xe2\x6e\x9a\x4f\x3d\x1f\x69\x4d\xb1\x53"
	"\x05\x2e\xba\x33\x06\xa1\x87\x6e\x62\x93\x19\x62\x61\x0b\xb2\xb9"
	"\x87\xae\xa3\xa2\xfc\x4e\xe8\xa1\x94\x8c\x0a\x11\x04\xb3\xb1\xa5"
	"\xce\x68\x83\xa3\x8b\xe5\xe3\xc7\xd3\xd3\xaf\xf6\x5e\xa8\x9b\x88"
	"\xcb\xd7\xdd\xff\x7e\xec\x9e\x1f\x7e\x1d\x3d\xf3\xfe\x03\x94\x84"
	"\x51\xc4\x7f\x67\x59\xd6\xa1\x94\x2d\x92\xb4\x1d\xb9\x7f\x3f\xbc"
	"\xfe\x1e\xed\xdf\xde\x5f\xf7\xdf\x3e\xc0\x91\xc1\x70\xe4\x33\xa8"
	"\x85\x14\x85\xc7\x8f\xfb\xb7\xdd\x6f\x99\xc8\x63\xf7\x78\x95\x1d"
	"\x0e\x2f\x57\xff\x10\x99\xff\xf3\xea\x8f\xe3\xc7\xdf\x7a\x1f\xd7"
	"\x33\x5c\x0a\x1d\xca\xb1\x78\x15\xaa\xf5\xe3\xfb\xaf\xd7\xc3\xdb"
	"\xc3\xe1\x65\x27\x44\xc3\xc5\x55\x9e\x0c\x1d\x74\x25\x00\x29\xc6"
	"\xf5\xd3\x49\xa7\x63\x67\x4e\x74\xf9\xd9\x96\x7c\x12\x60\x47\xc3"
	"\x95\x8b\x9d\x44\x58\xed\x3b\x81\x83\xce\xce\xf6\xfc\xb5\xba\x2b"
	"\x8b\x91\xe3\x57\x5a\xad\x7c\x23\x0a\xb5\x5a\xde\x77\xf7\x3f\xdf"
	"\x7f\xf4\x36\xa1\x2e\xf5\xf5\xfd\xaa\x54\xc4\xf8\xcf\xfb\x77\xb3"
	"\x09\x97\xf1\x64\x82\x4d\x45\x29\x9b\x60\xb3\xc3\x77\x46\xf4\x46"
	"\x10\x0e\xa9\x5e\x92\x8f\xa7\xfd\xe3\xfe\xfd\x97\xb5\x33\x73\xcf"
	"\x47\xb4\x87\x28\xa9\x90\x4d\x30\x01\xcd\x06\xd1\x26\x93\x8a\x7b"
	"\xc8\xfc\x4d\xaa\x1a\x91\xf0\x74\x86\x9d\xeb\x40\xe4\x0d\x9b\x3d"
	"\x15\x73\xe6\x1d\x18\x3f\x9f\x76\xf7\x6f\x1f\xaf\xbb\xa7\x9d\xd0"
	"\x35\x3e\x44\x4b\x5b\x86\xea\xc4\x19\x1b\x8c\x13\xf4\x1e\x22\x15"
	"\x23\x0a\x1d\x35\xad\x18\xdb\x11\xae\xf3\xed\x14\x3b\x8a\x6c\x60"
	"\x48\x4e\x47\x87\x64\x0f\x83\x7d\xa1\x1d\xb6\x19\xcf\xa7\x11\xb7"
	"\xd0\xa7\xee\xbf\xff\x78\xb7\x4f\xdf\x2f\x51\xc3\xb1\xdb\x10\x92"
	"\x89\x45\x1b\xe1\xf2\x22\x2c\xe2\x73\x8c\xe2\x5a\x0a\x31\x93\xf1"
	"\x45\xe2\x62\xde\xb6\x20\xc2\xd4\xb0\xdc\xf7\x5c\x84\x10\x0a\x64"
	"\xc8\xee\x22\x44\x3e\x72\x38\x15\xa2\x29\x32\xce\x40\x34\x45\xee"
	"\x24\x56\xcc\x23\x4c\x8c\x42\xe2\x38\x4b\xe4\x85\x01\x34\x34\xa0"
	"\xb3\xcd\xbc\xb9\x83\x9c\xdd\x74\x10\x42\x23\x2d\x85\x2e\xb2\xc9"
	"\x7d\xe1\x44\x9c\x38\x10\x06\x20\x56\x3a\x28\xaf\x72\x55\xa2\x94"
	"\xc8\x1b\xb1\x64\x4c\x28\xc7\x56\x14\xb1\x14\x21\x1d\x5e\xb0\x4a"
	"\x8c\x05\x7b\xae\x4c\x94\xd3\x73\x50\x31\x4f\x5d\xd7\xf7\x51\x11"
	"\x66\x6b\x5f\x5d\xfb\xbe\x8b\xdd\xe2\x34\xf5\x26\xe5\x48\xbb\x55"
	"\x94\xfb\x13\xc4\x65\x48\xca\x10\xae\xc1\xae\xc7\x2a\xd1\x29\x18"
	"\xdb\x9e\x94\x85\xb8\x6c\x86\xe4\x2d\x64\x93\xc0\xc7\x22\xfd\x04"
	"\x6e\xe8\xd9\x6d\xbe\x36\x74\x9d\xa1\x7d\xb2\x89\xf3\x6c\xea\x20"
	"\x2e\x4d\x9b\x6c\x8a\xdd\xb9\x7e\x15\x9d\xe9\x79\x16\x56\xa4\xfc"
	"\xfe\xfb\xf3\xee\x5d\x5d\x1e\x5b\x17\x93\x6b\xd4\xc7\x43\x8a\x10"
	"\xa5\xf7\xda\x99\xcf\x91\x05\xa8\xbd\xe3\xcd\xc9\x6a\x3d\xb2\xf6"
	"\x9e\x30\xe8\xdd\x24\x59\xf9\x2e\x4e\xf5\xef\x07\xde\xc4\x19\x5b"
	"\x57\x65\xe6\xb8\x3a\xd0\x0d\x8d\x24\xa7\x41\x38\xf1\xd1\xa2\x9a"
	"\x38\xa3\xb8\xaa\x91\x4f\xb1\x79\x06\x47\xe5\xbc\xde\x5a\xf6\xbe"
	"\x87\x9f\xfb\xe7\x41\xa7\x68\x1a\xdc\xcb\xe1\x5d\xec\x88\x7b\xeb"
	"\xb5\x7f\x80\xc5\xc6\x8b\xb8\x1b\x3a\xe8\xe5\x52\x30\x41\xd6\x62"
	"\x25\x9b\xa1\x7a\x39\xb6\x20\x82\xcc\xf5\x71\x5d\x1f\x9b\x1e\x15"
	"\xcb\xac\x7a\x8e\x59\xf7\xb7\xf7\x7b\x5d\x1d\xc8\x72\x36\x77\x1d"
	"\x8b\x12\xc7\x5e\x77\x6f\xa0\x45\x58\x87\xf8\x82\x39\x53\x27\x5f"
	"\x21\x23\x91\x61\x2f\x0e\x09\xc3\x9a\x92\x65\xae\x3b\x72\xe9\xae"
	"\xc4\xe8\xb8\x66\x99\x18\xd7\x98\xef\x56\x80\x5e\x00\x0a\x91\x3f"
	"\x1b\x1b\xf0\x32\xc8\xaf\xbd\xbd\x03\x4c\x57\x4d\x98\xe7\x4c\xed"
	"\xd5\xf8\xca\x88\xd8\xa0\xa7\x76\xbd\xe4\x19\x9c\xb8\x6d\x6d\xcd"
	"\xfd\xb9\x7e\xb7\xdb\x76\xcf\xe1\xaf\xfd\x13\x68\xb0\x40\x9e\xf8"
	"\x28\x4e\x49\x92\x91\xc4\x92\x81\xdc\x3e\xd1\xbd\x2e\x8d\x48\x09"
	"\x76\x95\x31\xc6\x1a\x56\x2e\x81\x6d\x05\xb9\xb0\xe3\xe5\x12\x51"
	"\xcb\xf9\x56\x7c\xd3\x41\x7f\x14\xfe\x97\x0c\x27\xae\xed\xdc\x51"
	"\xed\x9e\x5e\xe0\xd8\x88\x8c\x5a\x31\x27\xd3\xbc\x91\x11\x99\x0b"
	"\x5a\xd4\x0c\xf1\xdf\xcd\xb3\xed\xdc\x99\x22\x5b\xa3\x12\x62\x57"
	"\xa4\x39\x73\x90\x57\x33\x29\x9a\x21\xbb\xde\x1d\x47\x7a\x47\x8a"
	"\x90\x4d\x6f\x5d\xd9\xe9\x94\x36\x79\x6c\xc6\x63\x3a\x46\x36\xca"
	"\xfb\x61\x8e\xf2\x21\x3d\x38\x24\x82\x9b\xcd\xb2\xb2\x9b\x4b\x82"
	"\x5c\x86\x7a\x08\x03\x7b\xfe\xd2\xec\x27\x63\xab\xee\xdd\x1c\x08"
	"\xc3\x1e\x7e\xec\x5f\x7a\x04\x55\xdd\xa8\x2c\x6f\x68\x92\x32\xfd"
	"\x81\x7f\xd5\xb7\x51\x6b\x13\xa4\xdd\xde\xba\xfc\xec\x9a\xe9\x1b"
	"\x2f\x1f\x82\x37\xbe\x2d\x4d\x9c\x54\x39\x96\x0e\x3c\x5c\xa6\x0b"
	"\x43\x2b\x25\x34\xc3\x6e\xf9\x79\x52\xdc\xb6\x21\x9d\x74\xd3\x36"
	"\x46\xca\x2a\xad\x24\x0f\x4b\x5c\x52\x56\x1b\x6f\x00\x2c\x1a\x5a"
	"\x35\xe7\x48\xd8\xbb\x94\x11\x7a\x8d\xf4\xa5\xf8\xb4\x34\xe0\x5a"
	"\x57\x65\x91\x65\xba\xf9\xb1\x92\x29\x0b\x8e\x02\x59\xbf\x14\x46"
	"\xd9\xb4\x61\x41\x1d\x96\xf9\xf0\x72\x07\x82\x2e\xf3\x8f\x6f\x6f"
	"\xd2\x8c\xfe\xd4\x9b\xad\x2d\xa7\x19\x59\x19\xc2\x39\xe3\xac\xec"
	"\x0b\xda\xda\x7a\x43\xdc\x6d\x33\x9c\xb3\x96\x07\xdb\x92\xc6\x0b"
	"\xd7\xb9\x8c\xad\x7d\x1e\x05\xf9\xa1\x28\x2a\x06\x30\x43\xf9\xcd"
	"\x00\x01\x4e\x22\x49\xb1\x8e\xc1\x31\x78\x3a\x45\x16\x31\x19\xa9"
	"\x5a\x19\x8e\xde\x84\xce\x74\xd2\x70\x52\x91\x71\x64\x2a\x91\xdb"
	"\x0b\x90\x06\xd5\xa8\x05\x60\x56\xd1\x04\xd4\xc6\xc4\x06\x93\x27"
	"\x8a\x58\xc3\xe4\x74\x78\x8b\xce\x76\xaf\xc0\x84\x2b\xf7\x94\x27"
	"\x75\x5b\x63\x23\x99\x83\xc9\x42\x21\x26\x57\x5e\xa3\x1e\x3a\x94"
	"\xda\xcc\xe7\x41\xc2\x86\xce\x43\x11\xaf\xd1\xcc\x94\x55\xbe\xa7"
	"\xcc\x16\xed\x8c\x7b\x3d\xc3\x7d\x8b\x63\x12\x8b\xcd\xbc\xbb\xd9"
	"\x40\x78\xb7\x62\x0d\x29\xa9\xcc\x18\xd8\x1d\x23\xd5\x22\x95\xe4"
	"\x48\x9a\xb3\x9c\x21\xeb\xb8\x4b\x3f\x7d\xdb\x43\x24\x8b\xff\xf9"
	"\xf1\x7f\xed\xff\xfc\xfb\xf9\x51\xfd\xdf\xa7\x21\xd3\xd5\x29\xdf"
	"\x71\x2f\xa9\x2c\x5d\xac\x37\x51\x9a\xe7\x88\x71\x87\x2d\x80\x43"
	"\x17\x14\xa0\xff\xa7\xc9\xfd\xaf\x06\xd8\x92\x95\xc5\x10\x09\x8f"
	"\x90\x3c\x22\x47\xcf\xd1\xe4\xf6\xea\xfd\xf5\xfe\x41\xaa\x2e\xe6"
	"\x0a\xcf\xab\x5c\x27\x85\xca\x55\x8c\x67\xe4\xb0\x9a\x83\xeb\x0e"
	"\xd8\x2d\x5b\x82\x92\xdb\x60\xe3\x51\x51\x14\x55\x6a\x65\x27\xaf"
	"\x01\x06\x29\x84\x7d\x15\x89\x30\x1a\xc7\x76\x33\xc6\x82\x69\xce"
	"\x06\x3c\x2d\x6c\xad\xce\xb3\x34\x17\xcb\xb8\x86\x54\x49\xca\xde"
	"\x18\xf1\x3c\xe8\x41\xd6\xab\xde\x00\x8c\x79\x3f\x26\x03\xfc\xa5"
	"\x9b\xd1\xc9\x94\xa3\x75\xeb\xc9\x94\x40\x01\xed\x8e\x21\x52\x08"
	"\x44\x08\x93\xbf\x8c\x8c\x20\x31\x2a\x37\x83\x9c\x64\xfa\x62\x65"
	"\x9a\x8d\x76\x6b\x3b\xa9\x2a\x30\x54\x6d\xf9\xd9\x4e\x79\x1a\x02"
	"\x23\xa6\x8f\x29\xcd\x13\x7e\x3e\x73\x31\xd6\x2b\xa2\xf8\x53\x3f"
	"\x3d\xee\xfe\xb8\x17\x47\xc7\xe6\xdb\xfd\xbb\x50\x1b\x7f\x35\x8f"
	"\xf7\xef\xf7\xff\xfa\xf1\xe9\xd4\xa6\x85\x0c\x73\x56\x4a\xee\x2b"
	"\x5a\x97\x25\x98\x68\xf3\x4a\xcc\x3d\x52\x46\xd2\xc2\xb9\xcf\x71"
	"\xd4\xe2\x36\x5f\x6f\x45\x12\x10\x9d\x8d\x15\xe6\x36\xce\x32\x83"
	"\x4c\xd3\x94\xc9\x09\x0d\xde\xe4\x5d\xd6\x36\x4a\x13\x92\x51\x69"
	"\x34\xde\x54\x45\xb3\xac\x33\xcd\xc3\x27\xaf\x33\xb1\x67\x8f\xfc"
	"\x9a\x57\x31\x3b\xca\x7b\x3d\xa9\x6c\x97\x21\xbb\x66\x71\xd7\x68"
	"\x03\x28\x4a\x4b\x08\x2d\xda\xfb\xd1\xe9\xd2\x85\x89\xa6\x8d\x8f"
	"\xd5\x88\x8c\x8d\xeb\x78\x3b\x4f\x65\x53\x76\xea\x08\x7c\xa1\x8a"
	"\xfb\x3e\x18\x5d\x06\x34\xe5\x5a\xe4\x64\xf0\xd3\xcb\x20\xf8\x1c"
	"\xa9\xb1\xa9\x5a\xc7\xd9\x8a\xd4\xab\xb8\x29\xab\xc0\x41\x2e\xc8"
	"\x4e\x20\x9e\x07\x33\xe7\x12\x90\x67\x23\xd2\x3e\x41\x84\xce\x39"
	"\x9b\xcd\x1c\xcd\x52\x43\x36\x90\x58\x98\x3b\x59\x53\x54\xb0\x08"
	"\xe7\xa9\x35\x7e\x67\x07\xa2\x49\x0c\x4a\x9c\xc7\x8b\x8d\x1e\xe2"
	"\xfa\xf4\x31\x7c\x55\xec\x95\xb9\xa2\xe2\x88\x3b\x3b\x83\x02\x53"
	"\x98\x99\x83\x50\xa6\x0f\x60\xe1\x45\x30\x8c\x11\x52\x6f\xab\xd0"
	"\xf3\x2f\x82\xf9\x97\xc1\x82\xc9\x45\xb0\xc9\x65\xb9\x21\xef\xe9"
	"\xbd\xd6\xf5\xf2\xda\x41\xc6\x0d\x2b\x95\x1f\x07\xac\x79\x5f\x6a"
	"\x44\x31\x33\x46\x20\x72\x9d\xde\x0e\x20\xbc\xbf\x3b\x04\xcf\x17"
	"\x58\x4c\xc5\x3e\x24\x18\x87\x2c\x6e\xbc\x89\x1b\xcc\xce\x63\x90"
	"\xb7\xf1\x3e\x06\x7b\x80\xec\x61\x82\x70\x1e\xf2\x51\xd0\xe8\x48"
	"\xd1\x41\xfe\x38\x68\x64\x31\x38\x35\x50\x30\x71\xcf\xb5\xa1\xb9"
	"\x5a\x20\x53\xdd\xb6\x0c\x44\x64\xee\x06\xc1\xb9\x3e\x72\x0d\xee"
	"\x2e\x03\x01\x87\xe9\xc9\x34\x3c\xad\x94\xc7\x15\xb1\x43\x24\xe9"
	"\x2a\x69\x36\x45\x56\x11\xdd\x15\x86\x45\x27\xc8\x06\xb6\x14\x58"
	"\xe0\xcf\xd7\x36\x40\xd8\x2a\xdb\xaf\xae\x0b\x91\x9b\x3d\x17\x2e"
	"\x36\xc7\xe6\x0b\x5b\x5b\x76\xc2\x61\x3e\xa7\x61\x11\xb8\xd8\xd3"
	"\xe7\x00\xcc\xe6\x98\x91\xf3\x00\x2a\x26\x6c\x7a\x8b\x4c\xd8\x01"
	"\x38\x17\xfb\x93\xfa\xc1\xe4\xe2\x1f\x5c\x06\x4c\x48\x76\x1e\x0c"
	"\xc7\x62\x88\x6a\x30\x8e\x5a\xa6\x65\x7e\x0b\x9e\x4d\x6a\xcf\xc5"
	"\xb6\xd9\xae\x84\x45\xa4\x93\xc5\xb7\x9a\x10\x84\x1e\x47\x23\xca"
	"\x1f\xbf\x55\x6d\x71\x50\x97\x53\xb7\x65\x0b\xf5\xae\x41\x8f\x20"
	"\x26\x78\x49\xc0\x44\xd5\xbe\xb6\xb5\x43\xb4\xe1\x92\x95\x8f\x30"
	"\x42\xd3\x0a\xce\xda\x56\x85\x39\x2d\x4e\x5a\x8c\xda\x63\x3b\x65"
	"\xed\xb3\xd3\x37\x8e\x6d\x8a\x82\x21\xbc\xef\x5c\x1c\xf6\x8a\x15"
	"\x42\x22\x40\x68\xd2\x5c\x83\xe3\x25\x29\xc1\x5d\xa3\xb9\x2d\x91"
	"\xe3\x06\x78\x7e\xe2\x6d\x75\x7b\x89\x42\xd7\x35\x0e\x44\xb2\x5f"
	"\x8a\xfc\xa8\xc1\x22\x12\xf7\x1a\x70\x6c\x72\xdd\x24\x0d\xc9\x56"
	"\x45\x99\x56\x49\x3e\xf2\x99\xa1\x07\x6f\xdb\x7e\x5d\x73\x46\x75"
	"\x29\x95\x5f\xd2\xe7\xa9\x6b\x15\x44\x31\xc7\x73\x72\x82\x2e\x62"
	"\x28\xb0\x0a\x5e\x2f\x71\x75\xd9\x8f\xcf\x29\x19\x4c\x2a\xd9\x3e"
	"\x59\x57\x74\xab\x7a\x77\x1c\xdc\x53\xfb\xfa\x03\x9a\x14\x38\xb6"
	"\x75\x0a\xb9\x50\x20\x69\x22\x4a\x80\xb4\x7a\x5a\xd1\x44\x6a\xd3"
	"\x1e\xe1\x19\x66\xa2\x05\x21\x3d\xda\x36\x39\x0b\x68\xa8\xd0\xcf"
	"\xe5\xbb\x14\x16\x57\x5d\x28\xae\x8b\xde\xc1\x41\x29\xba\xb6\x33"
	"\x61\xab\x2d\xb4\x4d\xb6\x96\xd5\x12\x47\x55\xad\x5d\xc4\xfc\x0b"
	"\xc6\xd7\xec\x6e\xb2\xc0\xd2\x85\xdc\x78\x89\x4c\x56\x62\xf8\x36"
	"\x2c\xc9\xc5\xfe\x50\x57\xb8\x03\xbb\x7a\x6d\xe3\x7d\x12\xc3\x36"
	"\xb1\x97\xd0\x32\xa1\x0a\x94\x38\xe5\x6b\x57\x27\xc7\x0c\xb6\x73"
	"\xcc\x0a\xb2\x0f\xf1\x2f\x81\x80\x47\xb9\x77\x16\x37\x95\xb8\x51"
	"\xd8\xf2\xb6\x11\xed\x1d\x21\xf6\xac\xc3\xcc\x90\x17\xf6\xb6\xf6"
	"\xc0\x18\x56\x25\x25\xc4\x65\xcd\xa2\x36\x1c\xf6\x48\x93\x92\xf9"
	"\xb4\xf2\xb7\xd3\x41\xb3\x76\x82\xc6\xa3\x89\xad\x25\x3b\xf1\xb9"
	"\xca\xf5\x70\x90\xd5\xf9\x92\x88\x19\xb7\x4c\xf1\xe2\x80\xf4\x5c"
	"\x99\xe4\xc5\xf0\x48\xa9\x8e\xc0\x2c\x2a\x94\x2f\xee\x45\x55\x10"
	"\x3b\x65\x76\x5c\x9a\x2e\xfa\x05\x2d\xa9\x3a\x3c\x5d\x50\xed\x85"
	"\xa4\x34\xe3\xa4\x94\xcc\xe5\x68\xf5\xa6\x81\x1e\x07\x05\xc9\xad"
	"\x5e\x77\xe3\x41\xac\x4b\x63\x6d\xa5\xfc\xec\xc5\x10\x1c\xee\xd9"
	"\x83\xdf\x6c\xb2\xc0\xcf\x82\x0b\x20\xc7\xc1\x58\x13\xe4\xb9\x13"
	"\xc1\x5f\xc7\xe5\x1a\xc2\x03\xc1\xdd\xa8\xd8\x88\x63\xd4\xef\x97"
	"\x67\x2c\xbd\xc0\x41\xb8\x7d\xa4\x2f\xf3\x11\x83\xf1\x0e\x25\xb6"
	"\xf1\x70\x3a\x77\xc7\xeb\x27\xcd\x4a\x90\x47\xb0\xe3\x4c\x5d\x26"
	"\x33\xc3\x03\x41\xa3\x86\x59\x71\x93\x5c\xb5\x75\x52\xed\x78\xb0"
	"\x56\xb0\xe0\xae\x8b\xf2\xf3\xa7\xa7\xb7\xa7\xdf\xee\x1f\x5f\x77"
	"\xcf\x87\xdf\xde\xff\xf3\x69\x90\xcd\x91\xfc\xaa\x17\xc4\x57\x06"
	"\xcd\x85\xa7\x8c\xd5\x5d\xbb\xab\x45\xd5\x48\xd0\x01\x56\x16\x51"
	"\x4d\xa5\xb3\x3d\xb3\x69\x63\xe0\x49\x0c\x4e\x88\x18\x4b\xa1\xe8"
	"\x8b\x05\xb7\x31\x3f\xc8\x98\x5d\xe6\xcd\x19\xc0\x0d\xa2\x2a\x48"
	"\x32\x22\x66\x1d\x93\x84\x12\xf5\x35\xfe\xec\xfc\x45\x94\xc7\xbe"
	"\xf6\xd5\x4d\xc5\x31\x16\x38\x39\x40\xee\x78\xad\x57\x48\x24\xb6"
	"\xba\x9d\x1a\x5f\xac\xb0\xc7\xf2\x06\x60\xbc\xad\x4c\xae\xf2\xe5"
	"\xfd\xc3\xfb\xe1\xf5\xd7\xd5\x72\x27\x1f\x67\x4d\x3e\x72\x8b\xda"
	"\xa8\xfd\x3c\xda\x7d\xfb\xf8\x2e\x43\xb6\x9c\x32\xe8\xfd\x3c\x03"
	"\x9e\x8b\x7a\xa9\xb7\x41\x9b\x08\x27\x9a\xf6\x42\xd9\xac\x50\x87"
	"\xb0\xdc\x37\x1b\xa8\x0c\x38\xda\xae\x35\x46\xae\x4e\xa4\x34\x44"
	"\x04\x20\x7b\xab\x0d\xd9\x60\x30\x20\x9c\xc4\xc0\x77\x25\x84\xe8"
	"\x08\x51\xa8\x88\x6e\xf8\x05\x30\x45\xeb\x73\x1e\x77\xba\xaf\x30"
	"\xb0\xc3\xd2\xd7\x79\x4e\xca\x3b\x7b\xd9\xe1\x36\xf5\x82\x8f\xc9"
	"\x65\x32\x2e\xcb\x02\x1b\x32\x72\xa2\xa8\x27\xc9\x41\xf0\x2e\x9b"
	"\x7c\x6c\xf0\xb2\xb8\x4c\x59\x12\x97\x24\xeb\x48\x72\x68\x62\x86"
	"\x10\xe0\x65\x57\x01\xa1\xad\x65\x2d\xc0\xd6\x9c\xb7\x51\x35\xda"
	"\x3a\x92\x58\xa6\x22\xfc\x1a\xee\x90\xe9\xff\x77\x76\x65\xcd\x8d"
	"\xdb\xca\xfa\xaf\xb8\xfc\x74\x6f\xd5\x49\x62\xc9\x7b\xaa\xfc\x00"
	"\x92\xa0\xc4\x88\x9b\x09\x52\x92\xfd\xc2\x72\x3c\x4a\xc6\x37\x63"
	"\x7b\xca\x4b\x9d\xc9\xf9\xf5\xb7\x1b\x20\x29\x80\x40\x83\xca\xa9"
	"\x9a\x94\x23\xf4\x47\xec\x4b\xa3\xd1\xcb\xca\x35\xfc\x28\x27\x47"
	"\xd9\x34\x46\xf6\x2e\xdc\xc5\x44\x45\x23\xa5\xb3\x15\xa7\x37\x6d"
	"\x99\x45\xca\xd9\x8a\x14\xe1\x77\xfb\x3f\xee\x5b\x6d\xce\x65\xe4"
	"\x10\x47\x57\x86\x68\x3b\x83\x1b\x44\xcd\xc9\x9c\xe4\xc6\x54\x14"
	"\x35\x1a\xd1\x9b\x4d\xca\x0b\x7e\xc7\xbb\x86\x68\xc9\xca\xe1\x15"
	"\x9a\x95\xa3\x9f\x75\x74\x3a\x23\x6e\x2e\xf7\x2f\x7d\x8b\x42\x98"
	"\x78\x34\x60\x1f\x0d\x89\xf1\x2e\xd5\xa7\x74\xbc\xdd\xac\xf7\xba"
	"\x7f\x73\x6e\xf7\x2f\x2b\x4b\x21\x9d\x06\xc3\x44\xec\xe4\xd7\xc6"
	"\xe6\xb1\xfe\xfd\xf3\xfd\x28\x7f\xfd\x90\x46\x54\x2e\x57\x15\x66"
	"\xc0\x09\x69\x42\x47\x0f\xc3\x6d\xc3\xd1\x2e\x19\xa3\xab\xf4\xe1"
	"\xde\x57\xe8\xac\x94\x64\x6a\x9c\x9f\x24\x39\x5c\xc8\x36\x70\x93"
	"\x9b\x2a\xa8\xe1\xc0\xb1\xc1\xee\xe8\x32\x65\x1f\xb4\x61\x44\xd9"
	"\xef\xa0\xda\x9d\x4f\xaa\x40\x17\x1a\x61\x7f\xcc\x49\x52\xea\xda"
	"\x75\x0d\x5d\xc4\x2b\xd7\xc7\x03\xa7\xcc\x50\x0b\x0c\x23\x28\xb8"
	"\xe5\x1a\x69\x29\xe6\xf3\xe5\xd2\x2b\x11\xa8\xb3\xe8\xec\xfa\x64"
	"\xeb\xc7\x00\xcf\x70\x79\x32\xf3\x62\xa4\x12\xec\xe9\x04\xa6\xbf"
	"\xdf\x20\x16\x2d\x57\x0e\x01\x2f\x93\x28\xe2\x79\xbb\x24\x5f\x23"
	"\x6d\xdc\x98\xa7\x1f\xde\x9d\x80\xe5\xca\x0a\xc3\xed\xd6\xd0\x95"
	"\x98\xac\x5f\xdb\xed\xce\x2e\x02\x4e\xc8\x8f\x7a\x08\x06\x7b\xe8"
	"\x76\x7f\x19\xc4\x28\xf5\xa2\x03\x98\x4d\xcb\x3a\x57\x12\x3f\x28"
	"\x57\x39\x94\x49\x31\xd1\x67\x1e\xd8\x7f\x1e\x45\xe8\xd7\xab\xac"
	"\xfe\xe1\x57\x78\xe1\xfe\xef\x3e\x55\x61\x88\x4a\x86\xfb\x1b\xdc"
	"\xfe\x97\x87\x7f\xa9\x5a\x8a\xf6\xb8\x25\x80\x99\x54\xcc\x49\x9b"
	"\xed\x74\x45\x2f\xc6\x6a\xae\x2e\x50\x51\xd6\xba\xc6\x52\x4f\xeb"
	"\x23\x8a\xf6\x64\xab\x04\xb9\xc0\x2e\x27\x6a\x21\x75\x07\x2c\xe1"
	"\x93\xa6\xd5\x7c\x7a\x3a\xbf\xb2\x57\xfe\x40\xc1\x5b\xa3\x63\x05"
	"\x4b\xfa\xfc\xf4\xdc\xbb\x02\x06\x90\x96\x89\xb7\xb6\x6a\x2d\x5f"
	"\xfe\xb3\xf5\x85\xc2\x06\x56\x44\xe8\xd6\xa8\xfe\x07\x81\x83\x94"
	"\x00\xc8\x8c\x95\x89\x29\xd2\x61\x89\xad\x49\xdc\x24\xa1\x9d\x07"
	"\x8a\x07\x91\x62\xbc\x76\x0a\x94\x4e\xc6\xe8\x6d\xcf\xf5\xa2\x07"
	"\x68\xe7\x2a\x95\x9f\x71\x8c\xf7\x23\x31\xd4\xa7\xda\x5b\x42\xaf"
	"\x29\xba\x36\x29\x28\xe1\x35\x1f\x7b\x81\xd8\xe4\x32\xba\x24\x4b"
	"\xa9\x7c\x97\x6b\xeb\x1b\xc8\x78\x36\x5f\x7b\xbb\xfe\x36\x3c\x3d"
	"\xa1\x72\xec\x31\x61\x68\x78\xe7\x33\xaa\xea\xa0\xf5\x9f\x55\x8d"
	"\xa8\x61\x3b\x32\x03\xe7\x9a\x6d\xf1\xbd\xd3\x3a\x90\xc4\xab\x80"
	"\x13\x89\x9d\xe8\xf2\x86\x9e\x84\x61\x53\xf6\xf2\x73\xab\x66\xd2"
	"\x1d\xce\xd5\x54\x87\x34\xac\x92\xee\x9d\x07\xbf\xe9\xa1\x6b\x6a"
	"\x61\xaa\x73\xa2\x48\x82\x98\x67\x19\xf5\xd4\xa8\x01\x5c\xfa\x95"
	"\x92\xec\x7c\x92\xd2\x09\x24\x57\x27\x51\xd2\x47\x78\x8e\xcc\x5f"
	"\xf7\x84\x30\x3c\x27\xe1\x33\x45\x74\x7a\x62\x74\x4d\x9f\xe5\xa2"
	"\x4a\x3b\x09\xb1\x43\x6d\x57\xb1\x54\x47\x49\xef\x07\xcc\xee\x91"
	"\x8a\xab\x18\xa9\xa3\xe8\x2c\x41\x31\x50\xda\xb2\xce\x4f\x2f\xdc"
	"\x1e\x89\xc6\x48\x71\x3e\xbb\xb8\x76\xed\xaa\x8a\x02\x0c\x51\x50"
	"\x37\xb9\x5d\xd3\xec\x15\x95\xd8\xf6\x95\xdb\x7f\x2f\x60\xc7\x0e"
	"\x2a\xd2\x6f\x02\xb0\xc2\xa8\x0b\x2e\x0f\x57\x5a\xe2\xa5\x8e\x71"
	"\x19\xb7\xbc\xeb\x36\xb7\x46\x5c\xa7\xe5\x85\x1a\x1e\x51\x0b\x5b"
	"\x4d\xe9\xde\x6d\x64\x90\x08\x55\x29\x6d\x6f\x4f\x02\xe7\xcc\xda"
	"\x97\x9d\x08\x86\x4a\x2c\xcc\x23\xe6\x8a\x81\x49\x86\x1b\x7c\x95"
	"\x98\xea\x41\x3d\x99\xd7\x97\xdb\xad\x57\x46\xc3\xeb\xf3\x09\xc4"
	"\x6d\x50\xcf\x49\xe7\x32\x1d\x66\xb1\x39\xdd\x7a\x6a\xb9\xd8\x5c"
	"\x9f\x9f\x5f\x6d\x35\xf7\xff\x09\xba\x48\xe7\xbc\xb5\xe7\x92\x24"
	"\xe1\x36\xcc\x33\xdb\xfd\xc5\x18\x83\x3e\x26\x0d\x61\xfc\x90\x25"
	"\xb9\x72\xe4\xb7\xca\x55\x2d\xba\x85\x04\x66\x1c\xb6\x38\x19\xbc"
	"\xab\xb4\xaa\x21\x92\x45\xde\x3a\xd5\x64\x92\x50\x7b\x3a\x81\x1f"
	"\x43\x6d\x0c\x87\x99\x0b\x39\xe2\xcf\x9a\xa1\x9d\xf4\x10\x1a\x15"
	"\xd2\x53\x5f\x91\xa7\x49\xce\xa5\x43\x52\xd1\x32\xa9\xb9\x04\xac"
	"\x86\x1d\x97\xfe\xbd\xbb\xfc\xf4\x6a\x9c\xa8\xc5\xf9\xf0\xf2\xf0"
	"\xa7\xb4\xc6\xee\x97\x3c\xaf\xe2\x36\x5b\x68\xd3\x6b\xd5\x79\x3b"
	"\xd6\x5e\x78\xee\xf5\x6d\x1e\x7f\x8d\x6a\xbd\xef\x46\xa4\x75\x42"
	"\x38\x67\xcc\x97\x06\x2f\x71\xc0\x6a\xf6\x9b\x67\xfc\x84\x01\x43"
	"\xa5\x1e\xb1\xee\x83\x4e\x39\xba\x83\x2b\x55\xd4\xc5\x5e\xd0\xfa"
	"\x0c\x25\x4f\x55\x03\x4c\x95\x7c\x47\xbc\xcb\x43\x3d\x38\x04\xca"
	"\xf3\x58\x39\x72\xad\x36\x6f\x09\x1f\x63\x40\x3b\x1d\xd1\xf6\x94"
	"\xb3\x56\xd7\x87\x94\x09\xd8\x6a\x64\x59\x31\xcf\x11\x09\x8a\x2e"
	"\x0b\x91\x6c\x51\x5d\xdc\x26\x49\x19\x44\x52\xdf\x8d\x28\x3c\x0f"
	"\xab\xbb\x3e\x70\xe6\xe8\x13\x1f\x0d\x59\x42\x83\xae\xb7\xe8\x8c"
	"\x9c\xc1\xbf\x05\x91\xa1\x67\x87\xbf\xe9\xe9\x2e\xda\x2c\x90\xe3"
	"\x60\x6a\x95\x27\x02\xa6\x87\xa0\x7a\xf4\x37\x9a\xb4\xa5\x49\x8b"
	"\x58\x90\x63\x54\x84\x1e\x62\x50\x7b\xea\x92\x27\xa9\xfd\x69\xdf"
	"\xba\xb9\xfc\x4e\x9b\x3a\x98\x80\xa2\x0e\x3b\x15\xfe\x6d\x59\x5d"
	"\x57\x76\xb2\x63\xc4\x7b\x92\x3d\xe2\x5d\x09\x55\x12\xa2\x2f\x55"
	"\x68\x58\x6e\x7f\xe5\x1e\x54\x45\x95\x82\xed\x24\xff\x4d\xb9\x1c"
	"\xa5\xda\x24\xa5\x36\xf2\x21\xa4\x80\x75\x2c\xaf\x3a\xc2\x96\x01"
	"\x01\xd0\xad\x1a\x4c\x4d\x63\x3c\x5a\x4d\x65\xf2\x3e\x6d\x28\xcd"
	"\xd9\xcd\x52\x5e\x05\x74\x43\x0f\x11\xbd\x76\x32\x29\x46\x76\xd3"
	"\x89\xd9\x1f\x0b\x99\xd6\x8a\xa8\xd4\x13\xd5\xdd\x55\xd3\x64\x1c"
	"\x27\x24\xdd\xed\x16\xe5\x87\x46\x27\x30\x45\x70\x3d\x33\x34\x45"
	"\xad\xc7\xbf\xc0\x9f\x18\x7b\x5e\xfa\x18\x1e\xde\x56\x34\xc6\x09"
	"\xcf\xd1\x0e\xb6\x61\x55\x3e\xd2\xa0\x54\x04\xd2\x1d\xbb\xa4\xd6"
	"\x95\x79\x22\xdd\xc6\x19\xdc\x21\x5d\x6a\x43\x8a\x32\x1f\x55\x6f"
	"\xe4\x05\x1e\x25\x4d\xb1\x38\xa3\xd6\x86\x22\x13\x6b\x43\x6e\x73"
	"\xc6\x60\x87\x90\xe4\x40\xe2\x2b\x4b\xca\xee\x46\xe0\x7d\x2a\xf2"
	"\x6b\x4a\xaf\x14\xfe\x78\xbf\xdf\x23\x59\xba\x61\x77\x50\xb3\x22"
	"\x4d\x8b\x0d\x91\x2d\xea\xc6\xbb\x79\x0f\x0d\xb4\x85\x71\x97\xed"
	"\x9c\x02\x66\x1c\x7a\xaf\x28\xef\x1c\x41\xcc\x1f\xbf\x9a\xf1\x72"
	"\x61\x0a\xe2\x8e\x68\x23\xa3\x9f\xaa\x22\xfb\x25\x5a\x47\xf2\x44"
	"\xdb\x1f\x68\x9a\xea\x40\x71\x7d\x71\x71\x42\x8d\x47\x13\xc5\xae"
	"\xb8\xb9\x51\x21\x7e\x89\x59\xfd\x4b\x5e\x8f\xf2\x1d\xa6\xb0\xb9"
	"\x5f\x65\x02\xbe\x30\x52\xd6\x63\x08\xfe\xee\x9f\xc9\x42\xe0\xfe"
	"\x4b\x54\x29\x3b\x3b\xbd\x74\xd1\x93\x02\xaf\x4a\x82\xd7\x37\xc7"
	"\x4f\xef\xaf\x57\x57\xe7\xd7\x3f\xcd\x8e\xf5\x05\xb4\x87\x36\x75"
	"\xec\xba\x39\x21\xa4\x17\x84\x8c\x37\xd1\x31\x09\x2f\x55\x49\xde"
	"\x6c\xdb\x94\x05\x70\xbd\x3a\xfe\xfc\xf5\xf5\xf7\xff\xdb\x3d\x7e"
	"\xb4\x6f\xbf\xbe\x7f\x79\x7c\x78\xfb\xd2\xee\x7e\x7c\xec\xde\x5e"
	"\x1e\xbe\xfd\xfa\x7e\x72\xac\x67\xb3\x97\xeb\x19\xde\xa7\x91\xd4"
	"\x48\x4d\x0c\x4d\x3a\x13\x8d\x3b\x44\xa5\x44\x1c\x66\x03\x70\x73"
	"\x38\x19\x70\xb6\xd6\xa6\xc0\x33\xd2\x8b\x01\xb2\x15\xad\x7b\x94"
	"\x19\xdd\xbf\x26\x42\xeb\xe1\xcf\x8f\x3f\xae\x8e\xc7\x45\x2a\xc5"
	"\xe1\x0a\x26\x32\x74\x10\x59\x1e\x4b\x81\xdf\xc4\xca\x63\x61\x4a"
	"\xa4\x3c\x6e\x1f\x31\x08\x0e\xe2\x7f\x37\x0c\x66\x0f\x8d\x06\xa2"
	"\x6f\xf3\xf8\x25\x42\x25\x07\x18\x6b\x07\xb6\x2f\xba\x3b\x03\xf9"
	"\x40\xe6\xfe\x14\xf2\x74\x9e\x86\x5d\x85\xd0\x03\xb0\xa8\x93\xd0"
	"\x1a\xf0\x61\x62\x68\xb6\x94\xee\xe0\xd5\xe5\xfb\xee\xf3\xcb\xeb"
	"\xd1\x1f\xae\x05\x88\xe1\x7c\x46\xdb\x9f\x4c\x5a\x8d\x7d\xa1\xe9"
	"\x44\xb4\xb6\xab\x53\xfd\xf4\x28\xf0\xb9\x16\x35\x95\x8b\x3c\x31"
	"\xee\x7a\x92\xc4\xd6\xa1\x55\x40\xb8\x4c\x52\x7c\xf3\x26\xb4\x95"
	"\x01\xd1\x24\x11\x55\x81\x58\x18\xc3\xa3\x2a\x55\xdb\x69\xd1\xe8"
	"\xbd\x52\x26\xf6\xcf\x17\xe2\x56\x1a\x0c\xd3\xcf\x50\xc6\x22\x33"
	"\xad\x8b\xea\xac\xb4\x7e\xba\x18\x0f\x45\xe8\xe7\xec\xde\xba\xba"
	"\x59\xc0\x59\x1c\x38\x4f\xaf\x8c\x67\x71\xd4\x86\x15\x37\x7c\xfd"
	"\xcb\x80\x6e\x4b\x06\x37\xca\x64\xc1\xf2\x3a\x51\xfd\xad\xc7\x73"
	"\x55\xae\x88\xcd\xdd\x34\x11\xea\xc9\x4d\xb9\xfc\x37\x0f\xb9\x0a"
	"\xd5\x82\x68\xe6\x93\x45\x1e\x5a\x4c\x1d\xbd\x5c\x71\x38\xc6\xc5"
	"\xa3\x4f\x82\x96\x09\xc1\x4c\x8b\x8e\x4d\x9d\x6a\xac\x12\xd6\xb5"
	"\xd6\x75\xfe\xd4\xb7\x58\x18\x57\x6c\xcb\xc2\x64\x49\x05\x5c\xb4"
	"\xe0\x8a\x65\xce\xdf\x25\x5d\x71\x20\x95\x69\x43\x92\x03\x4f\x7f"
	"\x04\x34\xc9\xf3\x55\x58\xb1\x8c\x20\x89\xdb\x86\x89\x25\x41\x5c"
	"\x7b\x2e\x1b\x18\x0a\x64\x4b\xde\x36\x32\x4f\xeb\x4b\x9a\x76\x9b"
	"\x6f\xcf\xbc\xd4\x0b\x9a\x5a\x39\x0a\xed\x17\x9c\xd4\x2c\xd0\x56"
	"\xa5\xd2\x34\x80\xd3\x23\x45\xe9\x1d\x3e\x68\x54\xdc\x8c\xc3\xd5"
	"\x41\xd2\xfb\x62\x20\xbb\xf7\x88\x1e\x77\x76\x28\x6e\x19\x1e\x84"
	"\xbc\x3a\x9b\x1f\x84\xbb\x17\x75\xe4\x04\x9a\x30\xad\x8d\xfe\x4e"
	"\xe8\xcf\x54\x0b\x68\x01\xd0\x3e\xec\xdb\xc3\xc7\xee\xd8\x02\xf6"
	"\x2a\x22\x66\xba\x19\x86\x4d\x4b\x44\x27\x94\xe6\x41\x87\x9a\x2f"
	"\x52\xf5\xd3\xdc\x4c\xd5\x27\x4a\x45\x67\x3f\x83\xef\xc4\x9a\xe4"
	"\x07\xa9\x19\x01\x97\x10\x7c\x69\xa6\xb6\xa5\xdc\x73\x1d\x8e\x85"
	"\xdb\x87\x40\xc8\xcb\x25\xb9\x00\x13\x8a\x50\x44\x8c\xde\xdf\xa8"
	"\xca\xeb\x61\x5e\xe0\xc7\x7e\x44\x34\xf6\x52\x23\xf7\xfc\x53\x0b"
	"\xfc\x93\xd1\x4a\x9d\x76\x49\x78\xef\x30\x41\x84\xc3\x1d\x03\x74"
	"\x45\x58\x39\x8d\x40\xf3\x43\x40\x07\x15\x77\x40\xc5\xaf\x2e\x0e"
	"\xa9\x13\xe1\x51\x6d\x04\x3a\xa4\xe2\x84\x33\xa7\x11\xe8\xec\x10"
	"\xd0\x21\x5d\x40\xf8\xe5\x1e\x81\xae\xa7\x41\xd7\xa7\x07\xe4\x74"
	"\x7d\xc8\x00\x5f\x9f\x1e\xd0\x4f\xd7\x67\x07\xd4\xe9\xea\x92\xee"
	"\x27\xb8\x0f\xe2\x84\x6f\xaf\xa6\xb3\x99\xcd\x0f\xa9\x36\xa0\xe8"
	"\x49\xc0\x44\x98\x24\xee\x05\x39\xd4\x64\x36\x5e\x61\x3d\x61\x3e"
	"\xd9\x88\xd3\x49\xc4\x74\x47\x9c\x4f\x22\x2e\x26\x11\x97\x93\x88"
	"\xeb\x49\xc4\x6c\xba\x31\xb3\xe9\xd6\xcc\xe8\xe6\xac\x8a\xe4\xaa"
	"\xad\xfc\xe4\x86\x24\x67\x2c\x44\x86\x81\xe5\x5e\x44\xc8\xd3\x9a"
	"\xb0\x18\xd8\x43\x80\x1f\x6c\xaa\xc2\x0f\xaa\x0a\xb8\x3f\x4d\x15"
	"\x76\x57\x25\x69\x3a\x51\xdc\x82\xf1\x49\x48\xc5\xf9\xca\x8b\x48"
	"\xa0\x5d\x2c\x8f\xfc\x98\xbc\x49\xea\xe9\xee\x9b\x6a\x54\xdd\x54"
	"\xab\x44\x2c\x89\x35\x83\xd2\x0e\x23\xe8\x4c\x9a\x79\x35\x04\xe3"
	"\xb2\xa9\x87\x50\x6d\x2e\xfd\x40\x03\x30\x44\xfb\x9b\x5d\x9d\x68"
	"\x32\xd1\x65\x19\x0c\x6a\x6d\xbb\xc7\xcf\x37\x74\xfb\xf4\xfa\x1d"
	"\x5d\xe2\x6a\x17\xd2\x15\xbf\xd3\xce\x58\xfc\x25\xf9\x1f\xd3\xf4"
	"\x04\x63\x4e\xc2\xad\x18\xf9\x14\x40\xa0\x21\x10\xc1\xb4\x77\x59"
	"\x10\x41\x09\xe4\xed\x82\x47\x34\x04\x08\x6d\xb4\xd4\x24\xd1\xd6"
	"\xdd\x7a\x88\x65\x5a\xef\x1e\xbf\xbe\xbc\x62\xb8\xd5\xdd\xfb\xbf"
	"\xd0\x91\x1b\xbe\x5a\xa9\xe7\x21\xfe\xf2\xf8\xf6\xb7\x6c\x27\x7c"
	"\xd7\xb5\xfb\x8b\x8a\xc1\xe3\x50\xe4\x2b\x63\xd7\xcb\x53\x19\x1b"
	"\xca\x9d\xf0\xb3\xdd\x54\xac\x2c\x55\xed\x7b\xb9\x05\x8f\x28\x4d"
	"\x3c\x29\xcb\x6f\x23\xb8\x82\x49\xaf\x39\x52\x8a\xef\x1e\x71\x85"
	"\x94\xcf\x6a\x92\x13\x14\x03\xde\x18\xf7\xfe\x71\xc0\x2a\xc4\xc9"
	"\x38\x0d\xf9\x76\xec\x9f\xeb\xc3\x81\x35\xdc\xc6\x55\xe6\x6f\x07"
	"\x4c\x07\xd7\xcc\x4e\x45\x86\x51\x46\x4a\xbc\x22\xc1\x05\x36\xaa"
	"\x6e\xce\x4e\xae\x2f\x06\xe5\x09\x34\xd9\x5b\xc2\x7d\x91\xa3\xa8"
	"\x09\x85\xe9\x28\x34\x6d\x59\x6a\x85\x92\xb4\x40\x1e\x52\x1b\x43"
	"\x06\x81\xd2\x9a\xdd\xdf\xb4\x2c\x14\x1e\x71\xa2\x64\xce\x67\x0f"
	"\x18\x38\x14\xef\x2b\x8f\x20\xa6\xb3\x11\x0c\xff\x24\x33\x41\x3d"
	"\x07\x15\x6c\xd5\xd7\xbb\x9d\xe4\xcb\xd9\xbb\xbd\x54\x0c\x55\x62"
	"\x69\x4b\x4e\x0b\xee\xb0\xef\x22\xa1\x5c\x46\xf9\xb0\xa7\xc9\x80"
	"\x60\xeb\x70\x1c\x21\xd0\xc2\x48\x89\x61\xc5\x6f\x31\x3a\x5d\xbb"
	"\x66\x69\xc3\x6f\x4e\x6c\x70\x36\xea\x71\x93\x82\x0a\x73\xf9\xa2"
	"\x29\x27\x9a\x28\xa1\x30\xeb\x94\xd8\xe1\x10\x30\xae\x38\x0c\x2b"
	"\x98\x2c\x72\x96\x0a\xff\x17\x75\x91\x15\x77\x85\x1f\x03\xf9\x31"
	"\x18\xdb\x89\xb2\xf1\xb9\xbe\xa4\xec\x08\x7b\xd0\x1d\xcb\x18\xe1"
	"\x20\xb0\x86\x25\xbc\xf0\x84\xd4\x40\x44\x2f\xf9\x1c\x6b\x9f\x19"
	"\xa0\x1c\xb6\x40\xa9\x8d\x4e\x22\x92\x18\x2e\x96\xc4\x39\x89\xf4"
	"\x9a\xa3\x0c\x47\x90\x74\x34\xfd\xf5\x99\x14\xf6\x18\xda\x76\x71"
	"\x19\x19\x97\xd4\x25\x3a\x78\x21\x1e\xae\x1c\x12\xa5\x21\x49\x8d"
	"\x31\x9c\xa2\xdc\x45\x64\xe2\x2e\xcb\x38\xee\x8a\xa3\x03\x6b\x0f"
	"\xe9\xd5\x2b\xba\x03\xca\x99\x4b\x13\x25\xc6\xb9\x96\x10\x43\xc8"
	"\xd7\x99\x6f\x01\xc2\x2d\x94\x6f\xcd\x18\x72\x90\xd0\xab\xd2\xa3"
	"\x31\x99\xf7\x6b\x91\x09\x53\x41\xc5\x52\x07\xf1\xaa\x94\x84\x1c"
	"\x95\xca\xf0\x6d\xf2\xf8\xc7\xf9\xc9\x75\xfb\x07\x1c\x69\xed\xe7"
	"\xfb\xee\xed\x67\xe9\x19\xca\xcc\x47\xbd\x1a\x2c\x31\x52\xa3\x58"
	"\xb2\x99\xa3\x24\x13\x31\x3f\x77\x73\xcd\x4e\xf0\xf9\x6c\x4e\x55"
	"\x52\x87\xde\x1c\xbf\x7f\x7d\x98\x99\x35\x23\x47\x0b\x45\xc6\x4c"
	"\x57\x6c\x31\x14\x02\xe1\x67\xbb\x76\x33\xdc\x92\x74\x46\x93\x5c"
	"\xba\x71\x92\x70\xa1\x87\x19\x54\xb5\xf6\x6d\xf0\x36\x26\x1b\x85"
	"\xee\xa3\xa1\xa3\xc0\x07\x04\x0c\xfa\x6b\xf7\xed\xe9\xe5\xf3\x87"
	"\xf6\x58\xa2\xed\xf2\x51\xc4\x4c\x7d\xef\xa8\x54\x8c\xd3\xc8\xcd"
	"\x88\x64\x72\x56\xbb\xb7\x97\xdd\xb7\xa3\xaf\x0f\x6f\x5f\x76\xd2"
	"\x57\xe8\x9e\x01\xdc\x77\x0f\x3a\x3e\x4b\x9b\x05\x1c\xe2\xc0\x78"
	"\x34\x61\x9d\x8e\x22\x91\x2a\x45\xb8\xdd\x33\x1a\x63\x3d\xbd\x3c"
	"\xa1\xb7\xf8\xa7\xff\x3c\x74\xb1\x15\x06\x3d\x41\x29\x2e\x97\x06"
	"\x0b\x6b\xa6\x8c\x15\xf4\x35\x98\xd4\xca\xd8\x05\xf7\x34\x63\xc2"
	"\x6b\x24\x38\xd9\x5d\x9a\x7c\xc8\x35\x16\x83\xf6\x24\xb2\x76\xaf"
	"\x47\x8f\xaf\x6f\xbb\xa3\xd7\xb7\xa3\xaf\xbb\x6f\xdf\x75\xf5\x24"
	"\x05\x86\x39\x56\x6a\x6b\xac\x4b\x64\xe9\x82\x95\x09\x91\x3c\xb7"
	"\xd3\x39\x8b\x9c\x89\x36\x34\x48\x57\xa1\x34\x1f\xa2\x29\xf6\x47"
	"\x72\x69\xb8\x12\x6d\x68\xa5\xaf\x90\x7d\x9a\x13\x68\x8b\x35\xfb"
	"\xaa\x93\x35\x61\x54\xed\x57\x65\x39\x77\x25\xda\x39\xe0\x9d\xc1"
	"\x51\x1d\xc1\x0c\xad\x00\x95\x1a\x2d\xc9\x51\x6e\x79\x18\xd9\x9d"
	"\x02\xd7\x2f\xb6\x70\x54\xaf\x4b\x9f\x3b\xca\x68\xdc\x96\x86\xe6"
	"\x87\x83\xc1\x3c\x1a\x86\xd9\xf3\x65\x11\xcf\xe6\x57\x59\x93\x5a"
	"\x84\xbc\x49\xdd\x89\xae\x9a\x94\xf2\x2f\x5d\x17\x64\xc1\x6f\x1b"
	"\xde\x70\x2b\x47\xf9\x27\x72\x64\x99\x29\x0a\x9d\x27\x3a\xc6\xe2"
	"\x79\xe8\xf8\x94\x30\x81\xeb\xa8\x22\xc9\xa2\xc1\xa5\xe1\xe7\xc7"
	"\x57\x74\xfe\xfc\xf8\xf0\xb1\xfb\xa2\xdf\xa9\xfe\xfd\xf4\xf1\xf5"
	"\x88\xbd\xbf\xbf\x3e\x3e\x49\x52\xf4\xf0\xf1\x60\x2d\xc0\x30\xcc"
	"\xec\xfe\x0c\x33\x47\x8d\xc2\x25\x83\x7f\xf3\x93\xb2\x48\xef\x66"
	"\xa7\x94\x13\xa4\x7e\xf5\x2d\x12\x31\xa3\x7c\x1c\x99\x98\x74\x12"
	"\x44\x9d\x75\x7d\x2f\x17\x70\x46\x5d\x10\xbe\xcd\x75\xcc\x6c\xe4"
	"\xb8\x7a\xd4\xa7\xfc\x36\x59\x5b\x7d\xc1\xa1\xcd\xb0\xf3\xad\xfb"
	"\xde\x0e\x64\x00\x9b\xe7\xd7\x2f\xbb\x77\xbb\x2f\x03\xd7\x48\x86"
	"\x71\x40\x17\x1a\xd6\xf6\x6a\x09\x1d\x53\x9c\x87\x81\x23\xeb\xb4"
	"\xda\xf8\x1a\x5d\x42\x85\xe8\xa2\xb7\xb5\x70\x64\x09\x07\x14\xde"
	"\x9f\xbd\x63\x12\x25\x2c\xaf\x4d\xcb\x30\x75\x86\x45\x31\xd1\x33"
	"\xab\x00\x68\xd8\xd8\x76\x89\x32\x18\xc5\x92\x0c\x5e\x26\x1f\xde"
	"\xbf\x52\x3d\x0a\x68\x7b\xeb\x75\x25\x6e\xdd\x9d\xbf\xce\x1c\x21"
	"\x8c\xa2\xa7\x3f\x77\xef\x1f\x76\x61\x55\x78\x3a\x0f\x1d\xab\x1b"
	"\x92\x5d\xe3\x5a\x85\xf5\xec\x24\x72\xfa\x1c\xe8\x17\x52\x77\x74"
	"\x58\x03\xe3\x58\x42\xa3\xf9\x1a\x9d\xd9\xbb\x68\x74\xee\xda\x63"
	"\x12\x98\xa1\x68\x18\x4a\x5c\x2e\xfa\x1d\x3e\x8b\x26\xd6\x23\x22"
	"\x2e\x4e\x26\x10\x13\x4b\x11\x10\xa7\x73\xdf\x1a\x53\xac\xad\x95"
	"\x08\xd9\xba\x92\xd5\x24\x19\x17\x02\x84\x53\x5f\x25\x44\xe6\x25"
	"\xd7\x8b\x6a\x76\x3d\xf7\x21\x36\xe5\x88\x61\x56\x0c\xcd\xd3\xf7"
	"\xaf\x46\x40\xed\x61\x8b\x72\xad\x23\x48\x1d\x85\x55\xb7\x10\x79"
	"\x13\x38\x6d\xd0\x7a\x7a\x15\x9e\x39\x32\x0e\xd2\x62\x13\x8f\x04"
	"\x98\xd6\xd4\x64\x19\x7a\xa4\x64\x7e\x8c\xa8\xcf\xa7\x00\x17\x74"
	"\xf5\x22\x67\xb3\x63\xeb\x10\xb5\x36\x98\x25\xbb\x67\x91\x77\xfc"
	"\x58\x2a\xd8\xdc\x3b\x13\xfb\xb3\xc8\x9b\x0d\xe7\xfe\x62\x78\x55"
	"\x8e\x82\x83\xdb\x33\xe9\xcc\x3b\x93\x38\xa3\xfb\xa7\xde\x14\x38"
	"\x4c\xd6\xb4\xee\xd2\xf7\x31\x44\xbb\xb0\x86\xcf\xdf\x31\x22\x83"
	"\xc9\xaa\xf7\x3d\x2d\xdf\xc3\xad\x9c\xd2\xfb\xc2\x31\x02\x57\x67"
	"\xde\xb9\x9d\xde\x9f\x4d\x90\x97\xde\x7d\x04\x1f\xf7\x6d\x2b\xa1"
	"\x87\x97\x2f\xaf\xcf\x47\xf9\xe7\xf3\xef\xbb\xb7\x3e\xba\xdb\x28"
	"\xa2\xdb\x30\xeb\x45\xd2\x86\x65\xe5\x76\x8e\xda\x35\xb8\x42\xbd"
	"\x30\x9e\x37\x56\x93\x25\xa5\xdb\xff\x2d\x6e\x55\xd2\x98\x7f\x65"
	"\x48\x50\x58\x57\xfe\xc2\xad\x72\x7f\x4b\xd0\x91\x14\x47\xd1\x4a"
	"\x79\x47\x70\xb1\x2d\x5c\x4e\x26\xcb\x1f\x80\xa2\x63\xe5\x0f\x02"
	"\x57\x84\xdb\xaa\x31\x0e\x2f\x3d\x74\xcb\xa4\x34\xc0\xb4\xee\xef"
	"\x29\x1b\x57\x7f\xf2\x35\x70\x87\x5e\x4e\x00\x21\x70\x2b\x44\xe3"
	"\xe4\x30\xcf\xcf\x29\xbb\x21\x3d\x43\xb6\x4e\x9a\xac\xbd\x4f\x26"
	"\xf3\xbd\x0d\xb9\x6f\xf3\x59\x77\xce\xf5\x45\x86\x48\x7b\xa2\x48"
	"\x40\x7f\x21\x75\xe6\xae\x9c\x2a\xbb\x8a\x46\xad\x6d\xf5\x73\xba"
	"\x92\x50\x87\x89\xd1\x51\xfd\x48\x39\x7f\xd0\x40\xcb\x04\x96\x86"
	"\xe0\xe1\x01\xcd\x4e\xf4\x26\x9b\x32\xb7\xb6\xbe\x2b\xdd\xc4\xb2"
	"\x09\xd2\x0e\x23\x9a\xc0\x84\x6d\x51\x40\x85\x02\xab\x24\x4e\x42"
	"\x54\xbe\x29\x51\x79\x55\xd7\x57\x5c\x85\xe2\xb2\xd3\x54\xd3\xa8"
	"\xfb\x87\x17\x49\xc7\x5b\x0b\x16\x40\x04\xba\x92\xba\xac\x25\x57"
	"\xd6\x01\xd2\x5e\x08\x0b\x1b\x19\x3d\xa8\x4d\x03\x63\xdd\xfd\x21"
	"\xef\x34\xef\x47\x7f\xa0\x77\xfa\xa7\x3f\x5f\x54\xe8\x8f\xc7\xaf"
	"\xbb\xc7\xbf\x9e\x5e\xfe\xdc\xef\x93\xca\xa9\x03\xe6\x8f\x65\xdf"
	"\x1c\x3f\xc2\xc7\xef\xbf\xe0\x17\x00\x6b\xff\xda\xfd\xfd\xf3\xf7"
	"\xdd\xf3\xb1\xa6\xb1\x58\xf3\x8c\x16\x6c\xd9\x74\x71\x73\x7c\x6c"
	"\x68\xf7\x20\x9d\x6f\xeb\x8a\xe9\x5d\x46\x49\xa1\x0b\x74\x3e\x6d"
	"\x89\x3d\xdd\x68\x95\x75\x90\xb2\x70\x95\x26\xa2\x76\x81\x87\x17"
	"\xbc\x1c\x73\x95\xf6\x09\x71\x7f\x8a\xa4\x4f\xbf\xbf\x3d\xbc\xfd"
	"\x7d\xf4\xf6\xfa\xf9\xf1\xf4\xa2\xf3\xd3\x01\xac\x52\x8e\x96\xb4"
	"\x5c\x7f\xb2\x59\x73\xa5\x3f\xe9\xa2\xaa\x87\x3d\xa6\xdd\x9f\xfb"
	"\x28\x10\xa2\xae\xf2\x10\x1f\x78\x2a\x8c\x44\x60\xcc\x12\x1d\x92"
	"\xf2\x9c\xa0\xe6\x1c\xd5\xca\x13\x5d\x67\x68\x88\x30\x11\x26\x83"
	"\xa5\x97\xae\xe1\x89\x96\x0b\x61\x56\x6e\xc3\xe5\x42\x9a\x95\x54"
	"\x3c\x76\xe8\x80\xc6\xe8\xa8\x47\x3a\xd1\x2e\xd3\x91\x0d\x65\x92"
	"\x77\x66\x08\x23\x31\xfe\xb0\xc0\x42\xb4\xa0\xad\x0d\x69\x4c\x38"
	"\xbb\x30\x77\x88\xb0\xb5\x39\x7e\x83\x9c\xd4\x4d\xeb\xbe\xb6\x5b"
	"\x77\x08\x48\x70\x06\x00\x30\x01\xb0\x60\x79\x70\x77\xe5\xf8\x54"
	"\x51\xa8\xc3\x5c\x42\x58\xb5\xa1\xe6\xa5\x42\x04\x09\xc5\xfe\x84"
	"\x17\x64\xce\x24\xe1\xd2\xf5\xf2\x98\x04\xf6\xb5\x2a\xd4\x3c\xe2"
	"\x4a\x51\x7f\x3f\xfc\xe3\x64\x39\xb0\xea\x95\x9b\x82\x58\xd4\xbd"
	"\xf6\x25\xcb\xa3\x22\xf3\xf7\xf2\x3d\xd4\x0f\x8f\x44\x93\xbf\x92"
	"\xa9\x16\xd7\xa5\x2b\x5e\x9a\xa9\x11\x77\xe9\x6b\x6e\xef\x91\xe0"
	"\x14\x23\x0f\x8a\x8b\x8b\x7b\x3d\x46\x8e\x46\x08\x80\x30\x77\x52"
	"\xd2\xfb\x8c\xd9\xeb\xc6\xf1\x58\x0b\x27\x4e\xd4\x8a\x22\x2d\x0c"
	"\x93\x4f\x3d\x15\x5f\xfa\xaf\x08\x12\x94\xa8\x91\x6a\xd8\xed\x04"
	"\xc7\xe1\x70\xa5\xb5\x2b\xdd\x1b\xbc\x96\x1e\x64\xce\xe4\x58\xe8"
	"\xa1\x7d\x84\x28\xc2\x04\x36\x1b\xb9\x19\x55\xcc\x78\x53\x96\x66"
	"\x9f\xba\xeb\x20\x95\xd4\xf9\xa8\x29\xcd\xf4\x48\xef\x98\x5c\x36"
	"\x66\x81\x89\x2d\xec\x44\x8b\x7a\x39\xa2\x21\x01\x9f\xc4\xf1\xd9"
	"\x75\xac\x4f\x8e\x34\x7c\x26\x6f\xeb\xf6\xe2\x2c\xd0\xe5\xe3\x72"
	"\xcf\xec\x3b\x1d\x61\x61\xb1\x94\x8c\xa1\x36\x56\x19\xeb\x9d\xee"
	"\x17\xba\x70\x5b\x6c\x92\xa2\x4e\x03\x2d\x61\x91\xaa\x71\xd3\xd6"
	"\x46\xd9\xc0\x1d\x5a\x6f\x58\x74\xab\xef\xc0\x69\x61\x88\x81\xf0"
	"\xb7\x6f\x7a\xe7\xa9\x69\x14\x12\xa6\xf7\xe8\xd5\xd5\x34\xd4\xaf"
	"\x22\x42\x72\x00\x1d\xe0\x76\x96\x5a\xdd\xa2\x04\xc3\xe9\xb2\xa2"
	"\x4c\x60\xed\x68\x4d\xb4\xdf\x0a\x81\x1e\x47\x5a\x77\xa1\xb5\x7c"
	"\x85\x52\xbe\x5a\x77\x73\x22\xd0\xd9\x59\x91\x3a\xf6\x78\x21\x5d"
	"\x5e\x27\xda\x94\x16\x30\x42\x23\xdb\x60\xd4\xcb\xe8\xe2\x31\x10"
	"\x5d\x13\xc7\x42\x77\xa5\x29\x9d\xb8\x61\x1a\xf4\xa9\x94\xf0\x9a"
	"\x8f\x32\x3d\xc3\x21\x53\xbf\xbf\x3d\xbd\x7c\xfc\xa5\x02\xb3\x3d"
	"\xef\xde\xff\xb4\x75\x75\xe4\xa9\xbc\x92\xda\x3e\x86\x25\x02\x2a"
	"\x21\xa3\x02\xb1\xf2\x4b\xd6\xcb\xff\x2f\x49\xc4\x6d\x93\xf0\xfa"
	"\xe6\x6c\x6f\x01\xa1\xb8\x2f\x2b\x87\x33\xc3\x9b\x41\xdd\x97\x2f"
	"\x4d\x9f\xdc\x43\x7b\x97\xb3\x2c\x09\x3d\x0e\x22\x95\xf6\x52\x5f"
	"\xa3\x26\xc7\xcb\x03\x32\x6f\x45\x62\x05\xe7\x19\x7d\xd3\x71\x63"
	"\xd2\x94\x1e\x6f\x1b\x36\x6f\x07\x77\xdd\xa7\x6f\xbb\x9f\x3e\x9e"
	"\x9e\x3b\x6e\xee\x5d\x76\xe6\xa3\x4a\x7f\xb3\xfb\x53\x65\x3c\xf6"
	"\xb0\xb6\x4f\x45\x23\xc3\x26\x24\xae\xfb\x1a\x4c\x00\x5b\x50\x4f"
	"\x81\xa2\x0d\xab\x62\xe2\x7d\x32\x82\xe5\x16\x56\x49\x59\x3b\x6d"
	"\x3c\x94\x93\xe5\x0c\xf8\x3c\xa5\xac\xa1\x3d\x1e\x57\x2c\xe3\xd2"
	"\x80\xf4\x66\x7e\x72\x76\x65\x4e\xd4\x12\xf6\x40\x0c\xd3\x93\x51"
	"\xb1\xbc\x58\x24\x33\x06\x94\x5b\xa5\x3c\x07\xee\x28\xc2\x0c\x82"
	"\x82\xd0\xbd\x90\x8a\xa4\xc5\x26\x77\xbe\xb5\x74\x8a\x6a\xa6\xad"
	"\x08\x14\x0a\xc3\x6c\xbb\x68\x1d\xf5\x98\x50\x46\xcb\x68\x51\x93"
	"\xa1\x92\x9b\xfb\x3d\xdd\x80\xc8\x6e\xe8\x3d\xb9\xea\xab\x7b\xc3"
	"\xf2\xba\xeb\xa9\x7e\x9a\x8d\x7b\xb0\x4b\xb7\x67\x81\x72\x42\xb8"
	"\x41\x07\x7a\x25\x5c\x86\x61\x1f\x75\x46\xed\xc0\xc8\x6f\xc0\x64"
	"\xeb\x11\xdd\xb4\xc4\xe1\x81\x57\x8d\xe4\xcd\xc9\x8f\x99\x0b\x05"
	"\x3c\x6d\xa2\xf3\xc5\xaa\x06\x4a\xa9\xa0\xdf\x39\xba\x47\xd8\xc1"
	"\xb5\xa5\xa1\xc8\x86\x83\x01\xa7\x21\xfa\xa3\x26\x62\xb3\x75\xfe"
	"\x09\x01\x28\x0f\x08\xf7\x65\x21\x6d\x82\x01\x98\x43\xed\x26\xf2"
	"\x52\x90\xb6\x28\x32\x7a\x8a\x40\xff\x8a\x22\xa7\xae\x27\xfb\x5a"
	"\xc1\xa4\x8c\x3d\x90\xaa\x90\x31\x7b\x48\xc7\xf2\x0a\x55\x04\x68"
	"\xf2\x2e\xa6\x1a\x47\x34\x4b\x22\xa4\xce\x94\x4b\xd7\x85\xf5\xca"
	"\x19\xc0\x9b\xf0\x0c\xdf\xc9\xed\x39\xd3\x53\x7c\xd3\x5b\x3e\x77"
	"\x37\xb8\xeb\x7a\x50\x4e\x25\x94\xe1\xc0\xea\x30\xca\x12\xd3\xae"
	"\x45\x47\xf0\x6d\xa8\x3c\x53\x9e\x59\xbd\x7b\x57\x37\xed\x91\xa7"
	"\x21\x7b\x44\x31\x6b\x4c\x30\xc3\x0b\x81\x4c\xf0\xb5\x60\x15\x16"
	"\xfa\xc3\x98\x52\x20\x80\x6f\x20\x19\xae\xb5\x0c\x16\x5e\x69\x70"
	"\xde\x88\xf7\x75\xea\x12\xe3\x46\x5a\x8f\x32\xb8\x54\x8e\xd2\xd7"
	"\xc7\xbf\x3e\xbf\xab\xf3\x60\xf9\xf0\x32\xf2\xe4\x53\xc4\x35\x5e"
	"\xfe\x1a\xf4\x6c\x5c\xf3\x90\x52\xdb\x52\xc4\x76\x89\x4e\x7a\xd1"
	"\x7b\xa7\x3b\x5c\xc2\xed\xa0\x96\xeb\x52\x2b\xdd\x2f\x17\x9d\x87"
	"\x33\x92\x3b\x25\xbc\x99\x49\xec\x55\x7c\x7f\x9a\x99\xcc\xc5\xd8"
	"\xb7\xaf\x4c\x1c\x1f\x69\x43\xfe\x8a\x4c\x1d\xce\x03\x0c\x5d\xb3"
	"\x2d\xab\xa2\x46\xff\x05\x4e\x57\x9f\x98\x4d\xaf\x58\xb8\xef\x47"
	"\x99\xb9\x9a\xdb\xa8\xb5\x37\xb5\xc9\x63\x93\x56\x9c\x97\x13\xfb"
	"\x02\xdc\x1f\xb2\xd2\xf6\xf4\x86\x43\xaa\xf9\xf8\xfd\x9f\xf7\xef"
	"\x4f\x2f\xf8\x88\xfa\xfe\xaf\xa3\xe7\xcf\x8f\xdd\x0f\x54\x0b\xde"
	"\x7d\x3c\xfe\xfc\xf3\xcf\xff\xbb\x3f\xf1\xa5\xeb\x09\x99\xaf\xf4"
	"\xc8\xdf\x29\xe1\x8d\x4c\x56\xd7\x83\x8b\x09\xb7\x93\x4a\xe9\x35"
	"\xbc\x66\xbe\x55\x83\xf7\x88\x06\xae\x26\xdc\xc7\xd1\x08\x68\x39"
	"\x66\x46\x9e\x9d\xb7\x3d\x42\x9d\xb1\xf6\x22\x9f\x2e\x63\xb3\x51"
	"\x20\x19\xc3\x6c\xac\xc6\x3b\xae\xf4\x46\xf0\xcc\x97\x99\xac\x0a"
	"\x7d\x72\x74\x9e\x55\xeb\x02\x59\x40\xe9\x29\x7c\x22\x2f\x1c\x02"
	"\x29\xb4\xee\xf8\x69\x41\xf7\x37\xac\x49\xe4\xf7\xe9\xbd\x7f\xdf"
	"\x50\x9a\x39\x97\x53\x53\xee\x2c\x46\xbc\x09\xe4\x1b\xd0\xd1\x7c"
	"\x93\xe3\xdb\x0e\x4c\x61\x75\xc5\xf7\x54\x7e\xa5\xce\x18\xff\x09"
	"\x01\xff\xad\x79\x15\x14\xba\xf4\xcb\x41\x19\xf7\x4b\xe2\x3d\xdc"
	"\xa0\xb7\x26\x10\xc2\xb7\x98\x7a\x37\x60\xbe\x51\x0e\x81\xeb\x85"
	"\x9b\x67\x32\x52\xb8\x55\x2f\x32\x61\xe3\x66\x3e\x80\xa0\x74\xd8"
	"\xc9\x01\x42\x04\x35\x8a\x1a\x04\xcf\x1a\x18\x27\x18\x8e\x7e\xc7"
	"\x9b\xcf\x74\xfa\x7e\x2b\x43\x90\x1e\xd7\x45\x16\x50\x51\x2e\xec"
	"\x91\xca\x6f\xc5\xe4\xd5\x04\xf6\x6f\xc5\xf4\x55\x16\xbb\x37\x42"
	"\x2a\x3f\x36\xc0\x70\xa1\xfc\x9c\x10\x78\x41\x63\x96\x45\x8d\xca"
	"\x75\x4a\x20\xe0\xd2\xa3\xdd\x9b\x92\xf4\xde\x84\xa5\xd3\x6b\xb7"
	"\xeb\x1e\xcd\x97\x06\xe9\xde\x67\xbf\x72\xa0\xc4\x3c\xbc\xab\x0b"
	"\x97\xb7\xf8\xbc\x28\x55\x77\x55\x23\x31\x44\xdc\xe4\x8a\xb3\xf6"
	"\x53\x17\x15\x2b\x97\x6e\x4c\x7f\x0d\x8c\xfb\xb5\x66\x64\xa0\x8e"
	"\xf6\x4c\xc6\x63\x45\x27\x9e\x45\x15\x8d\x20\xe8\xef\x40\xce\x00"
	"\x44\x4a\xde\x5c\x8c\x10\x61\xf7\xa1\xca\x45\x93\x06\xc9\xbc\x43"
	"\x1c\x19\x4d\x00\x25\x83\xd2\x34\x71\x6c\x98\xba\x4b\xab\x5b\xc4"
	"\x1b\x52\x7a\x1c\x1f\x1c\xd2\xce\x37\xe8\xb8\x79\x18\x5e\x75\xef"
	"\x31\x5a\x0f\x0e\x50\xd5\x81\x9d\xb2\x77\x9a\x0d\x33\x41\x98\xd5"
	"\x34\xb2\xe8\x45\x3f\xe3\xf2\x3a\xa0\x76\x50\xf5\xc3\x6f\x6d\x63"
	"\xa3\x61\xa3\xa2\xd2\xe1\x59\x8a\x92\x16\x65\x6b\x42\x09\x62\x80"
	"\x25\x8a\x0f\xc8\xc8\x07\x51\xdc\x80\x07\xb0\xdc\xc0\xfc\xf4\x01"
	"\xba\x99\xd2\xcd\x06\x77\x5d\xd5\xe7\xad\xc8\x81\x3d\x85\x95\xe6"
	"\x7a\xd1\x80\xdd\x1c\x46\x12\xce\x75\xf9\x3c\x34\x56\x3f\xed\xd3"
	"\x59\x0e\xcb\x8f\xe1\x4b\x8a\xfa\x80\x38\x55\x15\x77\xe3\xa9\x74"
	"\x90\xae\xe4\x7b\x5a\x52\xd8\x9b\xd1\x10\x1f\xb3\x2a\x02\xde\x8d"
	"\x80\x16\xee\xb2\x8c\xad\xb4\x11\xd2\xea\x1a\xe5\xc8\x8f\xde\x74"
	"\x97\xf8\xda\xd3\x39\xe0\xf0\x74\xa0\x5c\x63\x6d\x00\x9b\xc5\x32"
	"\x63\x95\x9b\x67\xd3\x56\xd1\x3f\x40\x4e\xd6\x50\x9b\x92\x52\xae"
	"\x44\x23\x55\x93\xf9\x1a\xa3\xa7\xb1\x52\x3e\xf6\x39\x3a\xb7\x5f"
	"\x31\x9d\x2d\x15\x9a\x57\x18\x87\x2c\x8a\x60\xe1\x10\xa5\x34\xec"
	"\x2b\xd8\x4e\x64\x14\x55\xa8\x05\x66\xd3\xa9\x0b\xec\xb7\xd4\x55"
	"\x44\x44\xb9\x97\x6f\x94\xf2\x75\x4d\xc0\x4a\xa5\x21\x24\x35\xe8"
	"\x99\x13\x15\x1e\x8c\x3e\x48\x03\x74\xfd\x45\xd3\xa5\x28\x03\x7b"
	"\xc9\x0f\x53\x81\xe6\x69\xba\xe2\xe3\x30\x44\xb9\x2f\x9c\xb4\x6c"
	"\xd2\x92\x6f\x23\x2a\xc6\xa5\x6a\xb3\x92\x9b\x2a\x83\x2a\x41\xe3"
	"\x56\x00\xac\x8b\x2d\x0d\x50\xef\x92\x34\x5d\x89\x6c\xbd\x74\x38"
	"\x61\xd3\x88\x46\x34\x23\x37\x38\x26\x15\xbd\x80\xc5\xc0\x49\xd3"
	"\x88\x0a\x25\x9a\x35\x69\x4f\xa3\xfa\x8b\xd2\xe6\x90\xd4\x24\x62"
	"\x9e\x09\xb6\xf2\xcc\x3e\xa9\xb0\x31\xf6\x4c\x36\xea\x80\x32\x26"
	"\xec\x3b\x72\x8c\x21\x3e\xb5\x09\xc8\x3c\xfa\xb8\x6c\x9e\xf1\x96"
	"\x0e\x8b\x3c\x15\xa5\x45\xc8\xdd\x7c\x91\x86\x78\xa4\x9d\xa8\x9a"
	"\x2c\x59\xe1\x1e\xa9\x8c\x67\xe4\x7c\x55\x92\x1f\x15\xfb\x19\x18"
	"\x08\xe9\x17\x94\xe0\x9e\x06\x4e\xf3\x10\xb0\x60\x59\x99\xf2\x09"
	"\x09\xc9\x22\x32\xde\x48\xf0\xb7\x4f\x3e\xd2\x04\x82\xe5\x28\x10"
	"\x49\xea\xe4\x9e\xb7\xcc\x0c\xea\x2c\xa9\x7e\x01\x91\x8c\xbe\x9e"
	"\x08\x79\x65\xdb\xe8\x21\xf8\x58\x95\xc1\xc2\x2e\x6b\x19\x88\x24"
	"\x54\x1e\x63\xf4\xa0\xf7\x7b\xa2\xdc\x27\x09\xb7\x1d\x65\x82\x92"
	"\x86\x9e\x65\x4a\x88\x67\x1d\x95\x9d\xba\x52\x61\x33\x24\x7b\x05"
	"\xec\x05\x15\x30\xac\x63\xc3\xb7\xe4\xad\x58\x3a\x2f\xeb\x64\x81"
	"\x76\xbd\x2b\x9e\xa2\xcf\x29\x72\x57\x93\xa0\xde\xab\x66\x85\x82"
	"\xdd\x2e\x5c\x61\xc6\x56\xb6\x9f\xbe\xf2\xf5\xdf\xbb\xb7\x4c\xfa"
	"\xc0\x7d\xde\xbd\x7c\xb8\x23\x09\x95\xe3\x40\x4a\xd9\x58\x2a\x23"
	"\x3d\xef\x62\x48\x01\x47\x52\x8b\x3e\x22\x05\x7a\x78\x6e\x05\xfe"
	"\x1f\x05\x19\x10\x6d\x9d\x85\xa3\xa7\xb6\x0e\x16\xb2\xba\x21\x9c"
	"\xaf\xf4\x10\x95\x41\x99\x1c\x84\xe3\x75\xb0\x9e\x9d\x4c\x21\xa5"
	"\x19\x2d\x60\xb3\xb3\xad\xd3\x0f\x77\x0f\xec\x6f\x05\x15\x2f\xd3"
	"\x64\xf4\xa8\xac\x65\x57\x67\x44\xe3\xe0\xb0\x22\x9d\x94\xef\x51"
	"\x75\xe2\xca\x15\x92\x55\x08\xd1\xce\xe2\xc3\x85\x29\x84\x73\x78"
	"\xea\x32\x62\x44\x3a\x51\x53\xa4\x8c\x64\xfe\xfe\x3a\x0b\x67\x4f"
	"\x2c\x37\x23\x57\x84\x5a\x57\x62\x2c\x68\x17\xa1\xe2\x59\x51\xcb"
	"\xc1\xf0\x53\xad\x27\x09\x47\xfb\x16\x0d\x39\x15\xa5\x1f\xa5\x7d"
	"\x57\xfe\x3f\x0b\xee\xfa\xe2\xc5\xd8\x02\x00"
MAGIC_END;
